daily,total,timestamp,speed,rpm,brake,lon,lat,aximuth,acc_x,acc_y,status
0,9,2.40121E+13,0,708,0,126.9769,37.576022,0,-0.1,-0.2,0
0,9,2.40121E+13,0,708,0,126.9769,37.576022,0,0,-0.3,0
0,9,2.40121E+13,0,708,0,126.9769,37.576022,0,-0.4,0.1,11
0,9,2.40121E+13,0,682,0,126.9769,37.576022,0,0.1,-0.2,11
0,9,2.40121E+13,0,682,0,127.055966,37.506936,137,0,-0.3,0
0,9,2.40121E+13,0,682,0,127.055966,37.506936,137,0.3,-0.2,0
0,9,2.40121E+13,0,668,0,127.055966,37.506936,0,0.1,-0.1,0
0,9,2.40121E+13,0,668,0,127.055966,37.506936,0,0.1,0,0
0,9,2.40121E+13,0,668,0,127.055966,37.506936,0,-0.1,0.1,0
0,9,2.40121E+13,0,717,0,127.055966,37.506936,0,-0.2,-0.1,0
0,9,2.40121E+13,0,717,0,127.055966,37.506936,0,0.2,0,0
0,9,2.40121E+13,0,717,0,127.055966,37.506936,0,0,-0.2,0
0,9,2.40121E+13,0,690,0,127.055966,37.506936,0,-0.2,0.2,0
0,9,2.40121E+13,0,690,1,127.055966,37.506936,0,0.1,-0.1,0
0,9,2.40121E+13,0,690,1,127.055966,37.506936,0,0.3,-0.2,0
0,9,2.40121E+13,0,724,1,127.055966,37.506936,0,0,0.1,0
0,9,2.40121E+13,0,724,1,127.055966,37.506936,0,0.1,0.1,0
0,9,2.40121E+13,0,724,1,127.055966,37.506936,0,0.1,0,0
0,9,2.40121E+13,0,693,1,127.055966,37.506936,0,-0.2,-0.1,0
0,9,2.40121E+13,0,693,1,127.055966,37.506936,0,-0.2,-0.2,0
0,9,2.40121E+13,0,693,1,127.055966,37.506936,0,0.1,-0.1,0
0,9,2.40121E+13,0,689,1,127.055966,37.506936,0,0.3,-0.1,0
0,9,2.40121E+13,0,689,1,127.055966,37.506936,0,0.3,-0.1,0
0,9,2.40121E+13,0,689,1,127.055966,37.506936,0,-0.1,0.1,0
0,9,2.40121E+13,0,696,1,127.055966,37.506936,0,-0.2,0,0
0,9,2.40121E+13,0,696,1,127.055966,37.506936,0,-0.2,-0.2,0
0,9,2.40121E+13,0,696,1,127.055966,37.506936,0,0.1,-0.3,0
0,9,2.40121E+13,0,700,1,127.055966,37.506936,0,0,0,0
0,9,2.40121E+13,0,700,1,127.055966,37.506936,0,0,-0.1,0
0,9,2.40121E+13,0,698,1,127.055966,37.506936,0,-0.2,0,0
0,9,2.40121E+13,0,698,1,127.055966,37.506936,0,-0.2,0.1,0
0,9,2.40121E+13,0,698,1,127.055966,37.506936,0,0.9,0.1,0
0,9,2.40121E+13,0,693,1,127.055966,37.506936,0,0.7,0.5,0
0,9,2.40121E+13,0,693,1,127.055966,37.506936,0,0.5,0.7,0
0,9,2.40121E+13,0,693,0,127.055966,37.506936,0,1,0.4,0
0,9,2.40121E+13,0,691,0,127.055966,37.506936,0,0.4,0.8,0
0,9,2.40121E+13,0,691,0,127.055966,37.506936,0,0.5,3.5,0
0,9,2.40121E+13,0,691,0,127.055966,37.506936,0,1,1.2,0
0,9,2.40121E+13,0,716,0,127.055966,37.506936,0,-0.1,2.5,0
0,9,2.40121E+13,0,716,0,127.055966,37.506936,0,0.3,2,0
0,9,2.40121E+13,0,716,0,127.055966,37.506936,0,0.3,2.3,0
0,9,2.40121E+13,0,701,0,127.055966,37.506936,0,1.5,3.1,0
0,9,2.40121E+13,0,701,0,127.055966,37.506936,0,0.9,2.5,0
0,9,2.40121E+13,0,701,0,127.055966,37.506936,0,1.8,2.2,0
0,9,2.40121E+13,0,1261,0,127.055966,37.506936,0,0.7,2.4,0
0,9,2.40121E+13,10,1261,0,127.055966,37.506936,0,1.4,2.1,0
0,9,2.40121E+13,10,1261,0,127.055966,37.506936,0,1.3,1.6,0
0,9,2.40121E+13,10,2123,0,127.055966,37.506936,0,0.8,2.8,0
0,9,2.40121E+13,27,2123,0,127.055966,37.506936,0,1,1.8,-0.1
0,9,2.40121E+13,27,2123,0,127.055966,37.506936,0,1.2,1.4,0
0,9,2.40121E+13,27,1977,1,127.055966,37.506936,0,3,-0.7,0
0,9,2.40121E+13,42,1977,1,127.055966,37.506936,0,2.8,-0.9,0
0,9,2.40121E+13,42,1977,1,127.055966,37.506936,0,1.9,0.3,0
0,9,2.40121E+13,42,2144,0,127.055966,37.506936,0,1.7,1.3,0
0,9,2.40121E+13,45,2144,0,127.057416,37.50738,68,0.6,1.2,0
0,9,2.40121E+13,45,2144,0,127.057416,37.50738,68,1.1,0.9,0
0,9,2.40121E+13,45,1797,0,127.057416,37.50738,68,1,1.9,0
0,9,2.40121E+13,52,1797,0,127.057776,37.507483,70,0.9,1.6,0
0,9,2.40121E+13,52,1362,0,127.057776,37.507483,70,0.5,2,0
0,9,2.40121E+13,43,1362,0,127.057776,37.507483,70,1.1,1.4,0
0,9,2.40121E+13,43,1362,0,127.057776,37.507483,0,1.3,1.2,0
0,9,2.40121E+13,43,1597,0,127.057776,37.507483,0,1.4,0.9,0
0,9,2.40121E+13,32,1597,0,127.057776,37.507483,0,1.3,1.3,0
0,9,2.40121E+13,32,1597,0,127.057776,37.507483,0,1.1,3,0
0,9,2.40121E+13,32,1518,0,127.057776,37.507483,0,1.2,2.2,0
0,9,2.40121E+13,34,1518,0,127.057776,37.507483,0,1.8,1.7,0
0,9,2.40121E+13,34,1518,0,127.057776,37.507483,0,1.3,-0.1,0
0,9,2.40121E+13,34,1674,1,127.057776,37.507483,0,4.2,2,0
0,9,2.40121E+13,34,1674,0,127.057776,37.507483,0,1,0.2,0
0,9,2.40121E+13,34,1674,0,127.057776,37.507483,0,-0.4,1.6,0
0,9,2.40121E+13,34,1730,0,127.057776,37.507483,0,0.3,2.6,0
0,9,2.40121E+13,35,1730,0,127.057776,37.507483,0,1.2,1.4,0
0,9,2.40121E+13,35,1730,0,127.057776,37.507483,0,1.8,1.5,0
0,9,2.40121E+13,35,1668,0,127.057776,37.507483,0,1.3,1.7,0
0,9,2.40121E+13,34,1668,0,127.057776,37.507483,0,1.4,1,0
0,9,2.40121E+13,34,1668,0,127.057776,37.507483,0,1.1,1.2,0
0,9,2.40121E+13,34,1863,0,127.057776,37.507483,0,1.5,1.5,0
0,9,2.40121E+13,40,1863,0,127.057776,37.507483,0,1.1,1.7,0
0,9,2.40121E+13,40,1863,0,127.057776,37.507483,0,1.1,1.7,0
0,9,2.40121E+13,40,1430,0,127.057776,37.507483,0,1.4,1,0
0,9,2.40121E+13,36,1430,0,127.057776,37.507483,0,0.8,0.9,0
0,9,2.40121E+13,36,1430,0,127.057776,37.507483,0,1.1,1.8,0.1
0,9,2.40121E+13,36,1823,1,127.057776,37.507483,0,1.5,1.3,0
0,9,2.40121E+13,39,1823,1,127.057776,37.507483,0,1.6,0.1,0
0,9,2.40121E+13,39,1823,0,127.057776,37.507483,0,1.1,1.8,0
0,9,2.40121E+13,39,1393,0,127.057776,37.507483,0,1.9,1.5,0
0,9,2.40121E+13,38,1393,1,127.057776,37.507483,0,0.1,-0.7,0
0,9,2.40121E+13,38,1337,1,127.057776,37.507483,0,1.1,0.8,0
0,9,2.40121E+13,37,1337,0,127.057776,37.507483,0,1.2,1.2,0
0,9,2.40121E+13,37,1337,1,127.057776,37.507483,0,1.8,1.1,0
0,9,2.40121E+13,37,1373,1,127.057776,37.507483,0,1.8,0,0
0,9,2.40121E+13,40,1373,1,127.057776,37.507483,0,1.7,-0.4,0
0,9,2.40121E+13,40,1373,1,127.057776,37.507483,0,1.5,0.2,0
0,9,2.40121E+13,40,1453,1,127.057776,37.507483,0,0.9,1.4,0
0,9,2.40121E+13,38,1453,1,127.057776,37.507483,0,0.9,1.7,0
0,9,2.40121E+13,38,1453,1,127.057776,37.507483,0,1.2,1.6,0
0,9,2.40121E+13,38,1622,1,127.061945,37.50875,69,1.2,1.4,0
0,9,2.40121E+13,31,1622,1,127.061945,37.50875,69,1.2,1.5,0
0,9,2.40121E+13,31,1622,1,127.061945,37.50875,69,1.1,1.5,0
0,9,2.40121E+13,31,944,1,127.061945,37.50875,69,1.2,1.6,0
0,9,2.40121E+13,15,944,1,127.061945,37.50875,69,1.1,1.5,0
0,9,2.40121E+13,15,944,1,127.061945,37.50875,69,1.3,1.5,0
0,9,2.40121E+13,15,779,1,127.061945,37.50875,69,1.3,1.4,0
0,9,2.40121E+13,6,779,1,127.061945,37.50875,69,1.1,1.4,0
0,9,2.40121E+13,6,779,1,0.011333,37.508733,321,-0.4,0.8,0
0,9,2.40121E+13,6,758,1,0.011333,37.508733,321,1.1,0.8,0
0,9,2.40121E+13,0,758,1,0.011333,37.508733,321,0.8,1.2,0
0,9,2.40121E+13,0,758,1,0.011333,37.508733,321,0.9,1.2,0
0,9,2.40121E+13,0,0,0,0.011333,37.508733,321,1.1,1.2,0
0,9,2.40121E+13,0,0,0,0.011333,37.508733,321,0.8,1.1,0
0,9,2.40121E+13,0,0,0,0.011333,37.508733,321,0.9,1.2,0
0,9,2.40121E+13,0,0,0,0.011333,37.508733,0,1.5,1,0
0,9,2.40121E+13,0,0,0,0.011333,37.508733,0,1.4,1.1,0
0,9,2.40121E+13,0,879,1,0.011333,37.508733,0,0.7,1.3,0
0,9,2.40121E+13,0,879,1,127.061946,37.508748,39,1.3,1.2,0
0,9,2.40121E+13,0,879,1,127.061946,37.508748,39,0.8,1,0
0,9,2.40121E+13,0,708,1,127.061946,37.508748,39,1.3,1.3,0
0,9,2.40121E+13,0,708,1,127.061946,37.508748,39,0.9,1.2,0
0,9,2.40121E+13,0,635,1,127.061946,37.508748,0,1.2,1.2,0
0,9,2.40121E+13,0,635,1,127.061946,37.508748,0,1.2,1.1,0
0,9,2.40121E+13,0,635,1,127.061946,37.508748,0,0.7,1.2,0
0,9,2.40121E+13,0,674,1,127.061946,37.508748,0,0.9,1.2,0
0,9,2.40121E+13,0,674,1,127.061946,37.508748,0,1.3,1.2,0
0,9,2.40121E+13,0,674,1,127.061946,37.508748,0,0.9,1.3,0
0,9,2.40121E+13,0,693,1,127.061946,37.508748,0,1.1,1.2,0
0,9,2.40121E+13,0,693,1,127.061946,37.508748,0,1.3,1.3,0
0,9,2.40121E+13,0,693,1,127.061946,37.508748,0,0.8,1.3,0
0,9,2.40121E+13,0,697,1,127.061946,37.508748,0,0.7,1.3,0
0,9,2.40121E+13,0,697,1,127.061946,37.508748,0,1,1.1,0
0,9,2.40121E+13,0,697,1,127.061946,37.508748,0,1.2,1.3,0
0,9,2.40121E+13,0,705,1,127.061946,37.508748,0,0.8,1.2,0
0,9,2.40121E+13,0,705,1,127.061946,37.508748,0,1.2,1.1,0
0,9,2.40121E+13,0,705,1,127.061946,37.508748,0,1.2,1.2,0
0,9,2.40121E+13,0,687,1,127.061946,37.508748,0,0.5,0.9,0
0,9,2.40121E+13,0,687,1,127.061946,37.508748,0,1.3,1.7,0
0,9,2.40121E+13,0,687,0,127.061946,37.508748,0,1,1.6,0
0,9,2.40121E+13,0,680,0,127.061946,37.508748,0,0.9,2.2,0
0,9,2.40121E+13,0,680,0,127.061946,37.508748,0,1.1,2.5,0
0,9,2.40121E+13,0,680,0,127.061946,37.508748,0,1.1,2.7,0
0,9,2.40121E+13,0,697,0,127.061946,37.508748,0,0.9,2.6,0
0,9,2.40121E+13,0,697,0,127.061946,37.508748,0,1.8,1.2,0
0,9,2.40121E+13,0,697,0,127.061946,37.508748,0,1.1,1.6,0
0,9,2.40121E+13,0,700,0,127.061946,37.508748,0,1.6,2,0
0,9,2.40121E+13,0,700,0,127.061946,37.508748,0,1.6,1.4,0
0,9,2.40121E+13,0,700,0,127.061946,37.508748,0,2,1.8,0
0,9,2.40121E+13,0,759,1,127.061946,37.508748,0,2,1.4,0
0,9,2.40121E+13,5,759,1,127.061946,37.508748,0,0.9,0.9,0
0,9,2.40121E+13,5,1451,1,127.061946,37.508748,0,1.3,1.1,0
0,9,2.40121E+13,5,1451,1,127.061946,37.508748,0,0.9,1.3,0
0,9,2.40121E+13,10,1451,0,127.061946,37.508748,0,0.6,1.8,0
0,9,2.40121E+13,10,2024,0,127.061946,37.508748,0,0.9,1.4,0
0,9,2.40121E+13,10,2024,0,127.061946,37.508748,0,1.2,1.6,0
0,9,2.40121E+13,16,2024,0,127.061946,37.508748,0,1.5,1.3,0
0,9,2.40121E+13,16,964,0,127.061946,37.508748,0,1.1,1.5,0
0,9,2.40121E+13,16,964,0,127.061946,37.508748,0,1.1,1.2,0
0,9,2.40121E+13,14,964,1,127.061946,37.508748,0,1,0.9,0
0,9,2.40121E+13,14,790,1,127.061946,37.508748,0,1.3,1,0
0,9,2.40121E+13,14,790,1,127.061946,37.508748,0,1.3,1.4,0
0,9,2.40121E+13,7,790,1,127.061946,37.508748,0,1.1,1.5,0
0,9,2.40121E+13,7,822,1,127.061946,37.508748,0,0.7,1.7,0
0,9,2.40121E+13,7,822,1,127.062396,37.508978,57,0.9,1.5,0
0,9,2.40121E+13,5,822,1,127.062396,37.508978,57,0.7,1.6,0
0,9,2.40121E+13,5,772,1,127.062396,37.508978,57,1.1,1.5,0
0,9,2.40121E+13,5,772,1,127.062396,37.508978,0,0.7,1.8,0
0,9,2.40121E+13,5,772,1,127.062396,37.508978,0,1.1,1.6,0
0,9,2.40121E+13,5,708,1,127.062396,37.508978,0,0.7,1.5,0
0,9,2.40121E+13,5,708,1,127.062396,37.508978,0,1.1,1.4,0
0,9,2.40121E+13,2,708,1,127.062396,37.508978,0,0.8,1.7,0
0,9,2.40121E+13,2,0,1,127.062396,37.508978,0,1.1,1.6,0
0,9,2.40121E+13,2,0,1,127.0624,37.508978,89,0.7,1.9,0
0,9,2.40121E+13,0,0,1,127.0624,37.508978,89,0.9,1.8,0
0,9,2.40121E+13,0,0,1,127.0624,37.508978,89,0.8,1.6,0
0,9,2.40121E+13,0,0,1,127.0624,37.508978,89,1,1.6,0
0,9,2.40121E+13,0,0,1,127.0624,37.508978,0,0.7,1.6,0
0,9,2.40121E+13,0,0,1,127.0624,37.508978,0,1,1.7,0
0,9,2.40121E+13,0,0,1,127.0624,37.508978,0,0.6,1.6,0
0,9,2.40121E+13,0,0,1,127.0624,37.508978,0,1.1,1.5,0
0,9,2.40121E+13,0,0,1,127.0624,37.508978,0,0.8,1.3,0
0,9,2.40121E+13,0,0,1,127.0624,37.508978,0,1.1,1.4,0
0,9,2.40121E+13,0,0,1,127.0624,37.508978,0,0.6,1.4,0
0,9,2.40121E+13,0,0,1,127.0624,37.508978,0,1.1,1.6,0
0,9,2.40121E+13,0,0,1,127.0624,37.508978,0,1.1,1.6,0
0,9,2.40121E+13,0,0,1,127.0624,37.508978,0,0.5,1.6,0
0,9,2.40121E+13,0,0,1,127.0624,37.508978,0,0.7,1.6,0
0,9,2.40121E+13,0,0,1,127.0624,37.508978,0,1.1,1.6,0
0,9,2.40121E+13,0,0,1,127.0624,37.508978,0,1.1,1.5,0
0,9,2.40121E+13,0,0,1,127.0624,37.508978,0,0.7,1.8,0
0,9,2.40121E+13,0,0,1,127.0624,37.508978,0,0.9,1.5,0
0,9,2.40121E+13,0,0,1,127.0624,37.508978,0,0.7,1.8,0
0,9,2.40121E+13,0,0,1,127.0624,37.508978,0,1.2,1.5,0
0,9,2.40121E+13,0,0,1,127.0624,37.508978,0,0.6,1.8,0
0,9,2.40121E+13,0,0,1,127.0624,37.508978,0,0.7,1.7,0
0,9,2.40121E+13,0,0,1,127.0624,37.508978,0,1.2,1.5,0
0,9,2.40121E+13,0,0,1,127.0624,37.508978,0,0.8,1.7,0
0,9,2.40121E+13,0,0,1,127.0624,37.508978,0,0.9,1.7,0
0,9,2.40121E+13,0,0,1,127.0624,37.508978,0,0.7,1.7,0
0,9,2.40121E+13,0,0,1,127.0624,37.508978,0,1,1.5,0
0,9,2.40121E+13,0,0,1,127.0624,37.508978,0,0.9,1.8,0
0,9,2.40121E+13,0,0,1,127.0624,37.508978,0,0.7,1.5,0
0,9,2.40121E+13,0,0,1,127.0624,37.508978,0,0.7,1.7,0
0,9,2.40121E+13,0,0,1,127.0624,37.508978,0,1,1.5,0
0,9,2.40121E+13,0,0,1,127.0624,37.508978,0,0.9,1.6,0
0,9,2.40121E+13,0,0,1,127.0624,37.508978,0,0.8,1.3,0
0,9,2.40121E+13,0,0,1,127.0624,37.508978,0,0.8,1.8,0
0,9,2.40121E+13,0,0,1,127.0624,37.508978,0,1.1,1.6,0
0,9,2.40121E+13,0,0,1,127.0624,37.508978,0,0.7,1.5,0
0,9,2.40121E+13,0,0,1,127.0624,37.508978,0,0.9,1.5,0
0,9,2.40121E+13,0,0,1,127.0624,37.508978,0,0.9,1.4,0
0,9,2.40121E+13,0,0,1,127.0624,37.508978,0,0.8,1.4,0
0,9,2.40121E+13,0,0,1,127.0624,37.508978,0,1,1.5,0
0,9,2.40121E+13,0,0,1,127.0624,37.508978,0,0.7,1.7,0
0,9,2.40121E+13,0,0,1,127.0624,37.508978,0,0.9,1.6,0
0,9,2.40121E+13,0,0,1,127.0624,37.508978,0,0.9,1.6,0
0,9,2.40121E+13,0,0,1,127.0624,37.508978,0,0.6,1.6,0
0,9,2.40121E+13,0,0,1,127.0624,37.508978,0,0.5,1.3,0
0,9,2.40121E+13,0,0,1,127.0624,37.508978,0,1,1.6,0
0,9,2.40121E+13,0,0,0,127.0624,37.508978,0,0.7,1.6,0
0,9,2.40121E+13,0,0,0,127.0624,37.508978,0,0.9,1.5,0
0,9,2.40121E+13,0,0,0,127.0624,37.508978,0,1.1,1.6,0
0,9,2.40121E+13,0,0,0,127.0624,37.508978,0,0.9,1.5,0
0,9,2.40121E+13,0,0,0,127.0624,37.508978,0,0.8,1.5,0
0,9,2.40121E+13,0,0,0,127.0624,37.508978,0,0.9,1.6,0
0,9,2.40121E+13,0,0,0,127.0624,37.508978,0,1.1,1.4,0
0,9,2.40121E+13,0,0,0,127.0624,37.508978,0,0.9,2.1,0
0,9,2.40121E+13,0,0,0,127.0624,37.508978,0,0.5,2.1,0
0,9,2.40121E+13,0,0,1,127.0624,37.508978,0,0.9,1.6,0
0,9,2.40121E+13,0,0,1,127.0624,37.508978,0,1.1,0.8,0
0,9,2.40121E+13,0,0,1,127.0624,37.508978,0,1.1,1.3,0
0,9,2.40121E+13,0,336,1,127.0624,37.508978,0,1,1.6,0
0,9,2.40121E+13,0,336,1,127.0624,37.508978,0,1,1.5,0
0,9,2.40121E+13,1,336,1,127.0624,37.508978,0,0.9,1.6,0
0,9,2.40121E+13,1,745,1,127.0624,37.508978,0,0.7,1.7,0
0,9,2.40121E+13,2,745,1,127.0624,37.508978,0,0.6,1.7,0
0,9,2.40121E+13,2,724,1,127.062426,37.508993,54,0.5,1.6,0
0,9,2.40121E+13,2,724,1,127.062426,37.508993,54,1,1.5,0
0,9,2.40121E+13,0,724,1,127.062426,37.508993,54,0.5,1.7,0
0,9,2.40121E+13,0,700,1,127.062426,37.508993,54,0.9,1.6,0
0,9,2.40121E+13,0,700,1,127.062426,37.508993,54,1.2,1.6,0
0,9,2.40121E+13,0,700,1,127.062426,37.508993,54,0.6,1.7,0
0,9,2.40121E+13,0,699,1,127.062426,37.508993,54,0.9,1.6,0
0,9,2.40121E+13,0,699,1,127.062426,37.508993,54,1,1.8,0
0,9,2.40121E+13,0,699,1,127.062426,37.508993,0,1.2,1.7,0
0,9,2.40121E+13,0,701,1,127.062426,37.508993,0,0.8,1.6,0
0,9,2.40121E+13,0,701,1,127.062426,37.508993,0,0.5,1.6,0
0,9,2.40121E+13,0,701,0,127.062426,37.508993,0,0.9,1.6,0
0,9,2.40121E+13,0,704,0,127.062426,37.508993,0,0.3,2.5,0
0,9,2.40121E+13,0,704,0,127.062426,37.508993,0,0.3,3.3,0
0,9,2.40121E+13,0,704,0,127.062426,37.508993,0,0.5,2.4,0
0,9,2.40121E+13,0,700,0,127.062426,37.508993,0,0.4,2.1,0
0,9,2.40121E+13,0,700,0,127.062426,37.508993,0,1.4,2.1,0
0,9,2.40121E+13,0,700,0,127.062426,37.508993,0,0.5,2,0
0,9,2.40121E+13,0,701,0,127.062426,37.508993,0,0,1.8,0
0,9,2.40121E+13,0,701,0,127.062426,37.508993,0,-0.1,1.9,0
0,9,2.40121E+13,0,701,0,127.062426,37.508993,0,1,2.1,0
0,9,2.40121E+13,1,1357,0,127.062623,37.50906,66,1.4,1.2,0
0,9,2.40121E+13,1,1357,0,127.062623,37.50906,66,0.5,1.9,0
0,9,2.40121E+13,1,1357,0,127.062623,37.50906,66,0.7,1.3,0
0,9,2.40121E+13,11,1708,0,127.062623,37.50906,66,-0.3,1.4,0
0,9,2.40121E+13,11,1708,0,127.062963,37.509178,66,2.5,1.1,0
0,9,2.40121E+13,11,1708,0,127.062963,37.509178,66,1.5,1,0
0,9,2.40121E+13,16,1695,0,127.062963,37.509178,0,1,1.9,0
0,9,2.40121E+13,16,1695,0,127.062963,37.509178,0,1.2,2,0
0,9,2.40121E+13,23,1649,0,127.062963,37.509178,0,0.6,2.1,0
0,9,2.40121E+13,23,1649,0,127.062963,37.509178,0,1.2,2.6,0
0,9,2.40121E+13,23,1649,0,127.062963,37.509178,0,0.6,2.1,0
0,9,2.40121E+13,25,1709,0,127.062963,37.509178,0,0.4,1.7,0
0,9,2.40121E+13,25,1709,1,127.062963,37.509178,0,0.6,1.2,0
0,9,2.40121E+13,25,1709,1,127.062963,37.509178,0,1,-0.1,0
0,9,2.40121E+13,28,1884,1,127.062963,37.509178,0,1.2,0.6,0
0,9,2.40121E+13,28,1884,0,127.062963,37.509178,0,0.2,1.6,0
0,9,2.40121E+13,28,1884,0,127.062963,37.509178,0,0.9,1.4,0
0,9,2.40121E+13,33,1619,0,127.062963,37.509178,0,1.4,1.3,0
0,9,2.40121E+13,33,1619,0,127.062963,37.509178,0,-0.2,0.8,0
0,9,2.40121E+13,33,1619,0,127.062963,37.509178,0,-1,2.2,0
0,9,2.40121E+13,34,1696,0,127.062963,37.509178,0,-0.9,2.6,0
0,9,2.40121E+13,34,1696,0,127.062963,37.509178,0,1.1,2.6,0
0,9,2.40121E+13,34,1696,0,127.064478,37.509666,67,1.7,3.1,0
0,9,2.40121E+13,35,1718,0,127.064478,37.509666,67,1.8,2.6,0
0,9,2.40121E+13,35,1718,0,127.064478,37.509666,67,1.7,2.1,0
0,9,2.40121E+13,35,1718,0,127.064756,37.509646,95,1.7,1.5,0
0,9,2.40121E+13,25,1149,1,127.064756,37.509646,95,0.3,1.7,0
0,9,2.40121E+13,25,1149,1,127.064756,37.509646,95,1.2,0.8,0
0,9,2.40121E+13,25,1149,1,127.064756,37.509646,95,1.5,0.6,0
0,9,2.40121E+13,23,850,1,127.064756,37.509646,95,2.2,0,0
0,9,2.40121E+13,23,850,0,127.064756,37.509646,95,1.2,1.5,0
0,9,2.40121E+13,23,850,0,127.064756,37.509646,0,1.1,1.5,0
0,9,2.40121E+13,22,1898,0,127.064756,37.509646,0,1.3,1.7,0
0,9,2.40121E+13,22,1898,1,127.064756,37.509646,0,1.7,1.2,0
0,9,2.40121E+13,22,1898,1,127.064756,37.509646,0,0.5,1.6,0
0,9,2.40121E+13,29,1655,0,127.064756,37.509646,0,0.8,1.9,0
0,9,2.40121E+13,29,1655,0,127.065646,37.509748,81,1.2,3.3,0
0,9,2.40121E+13,35,1736,1,127.065646,37.509748,81,0.5,0.7,0
0,9,2.40121E+13,35,1736,1,127.065646,37.509748,81,1.2,0.9,0
0,9,2.40121E+13,35,1736,0,127.065646,37.509748,81,1.4,1.4,0
0,9,2.40121E+13,32,1420,0,127.065646,37.509748,81,1.2,2,0
0,9,2.40121E+13,32,1420,0,127.065646,37.509748,81,1.2,1.6,0
0,9,2.40121E+13,32,1420,0,127.065646,37.509748,81,1.6,2,0
0,9,2.40121E+13,16,878,0,127.065646,37.509748,81,0.7,2.7,0
0,9,2.40121E+13,16,878,1,127.065646,37.509748,81,1.2,0.9,0
0,9,2.40121E+13,16,878,1,127.065646,37.509748,81,1.3,0.8,0
0,9,2.40121E+13,11,831,1,127.065646,37.509748,81,1.9,0.1,0
0,9,2.40121E+13,11,831,1,127.065646,37.509748,81,0.9,2.3,0
0,9,2.40121E+13,11,831,1,127.065646,37.509748,0,1.5,1.9,0
0,9,2.40121E+13,13,798,0,127.065646,37.509748,0,1.4,1.8,0
0,9,2.40121E+13,13,798,0,127.065646,37.509748,0,1.6,1.7,0
0,9,2.40121E+13,13,798,0,127.065646,37.509748,0,1.1,2.1,0
0,9,2.40121E+13,10,827,0,127.065646,37.509748,0,1.6,1.9,0
0,9,2.40121E+13,10,827,0,127.065646,37.509748,0,1.6,1.6,0
0,9,2.40121E+13,10,827,0,127.065646,37.509748,0,1.5,1.8,0
0,10,2.40121E+13,11,819,0,127.065646,37.509748,0,1.7,1.8,0
0,10,2.40121E+13,11,819,0,127.065646,37.509748,0,1.1,1.8,0
0,10,2.40121E+13,11,819,0,127.066103,37.509813,79,1.3,1.9,0
0,10,2.40121E+13,0,0,0,127.066103,37.509813,79,1.3,1.7,0
0,10,2.40121E+13,0,707,0,127.066103,37.509813,79,1.6,1.6,0
0,10,2.40121E+13,0,707,0,127.066103,37.509813,79,1.4,2,0
0,10,2.40121E+13,0,707,0,127.066103,37.509813,0,1.3,1.8,0
0,10,2.40121E+13,0,678,0,127.066103,37.509813,0,1.6,1.8,0
0,10,2.40121E+13,0,678,0,127.066103,37.509813,0,1.1,1.5,0
0,10,2.40121E+13,0,678,0,127.066103,37.509813,0,1.7,1.6,0
0,10,2.40121E+13,0,698,0,127.066103,37.509813,0,0.7,4,0
0,10,2.40121E+13,0,698,0,127.066103,37.509813,0,1.1,3.6,0
0,10,2.40121E+13,0,704,0,127.066103,37.509813,0,1.1,2.9,0
0,10,2.40121E+13,0,704,0,127.066103,37.509813,0,1.4,3,0
0,10,2.40121E+13,0,704,0,127.066103,37.509813,0,1.6,2.1,0
0,10,2.40121E+13,0,673,1,127.066103,37.509813,0,1,0.5,0
0,10,2.40121E+13,0,673,1,127.066103,37.509813,0,0.8,0.4,0
0,10,2.40121E+13,1,673,1,127.066103,37.509813,0,1.3,0.4,0
0,10,2.40121E+13,1,1549,1,127.066103,37.509813,0,1.4,1.2,0
0,10,2.40121E+13,1,1549,1,127.066103,37.509813,0,0.2,1.3,0
0,10,2.40121E+13,13,1549,0,127.066103,37.509813,0,0.7,1.3,0
0,10,2.40121E+13,13,1506,0,127.066103,37.509813,0,1.1,1.5,0
1,10,2.40121E+13,13,1506,0,127.066103,37.509813,0,0.3,4.6,0
1,10,2.40121E+13,18,1506,0,127.066103,37.509813,0,1.2,3.8,0
1,10,2.40121E+13,18,1254,0,127.066103,37.509813,0,1.2,2.9,0
1,10,2.40121E+13,18,1254,0,127.066103,37.509813,0,0.6,2.5,0
1,10,2.40121E+13,13,1254,0,127.066103,37.509813,0,1.2,1.7,0
1,10,2.40121E+13,13,813,0,127.066103,37.509813,0,1.6,1.4,0
1,10,2.40121E+13,13,813,0,127.066103,37.509813,0,0.5,1.7,0
1,10,2.40121E+13,6,813,0,127.066103,37.509813,0,1,1.2,0
1,10,2.40121E+13,6,2179,0,127.066103,37.509813,0,1.4,1.6,0
1,10,2.40121E+13,6,2179,0,127.066103,37.509813,0,0.7,2.1,0
1,10,2.40121E+13,23,2179,0,127.066103,37.509813,0,0.5,3.1,0
1,10,2.40121E+13,23,2156,0,127.066103,37.509813,0,1.3,1.6,0
1,10,2.40121E+13,23,2156,0,127.066103,37.509813,0,1,1.6,0
1,10,2.40121E+13,31,2156,0,127.066103,37.509813,0,0.6,3.4,0
1,10,2.40121E+13,31,1416,0,127.066103,37.509813,0,1,2,0
1,10,2.40121E+13,31,1416,1,127.066103,37.509813,0,1,0.6,0
1,10,2.40121E+13,28,1416,1,127.066103,37.509813,0,1.5,-0.3,0
1,10,2.40121E+13,28,2142,0,127.066103,37.509813,0,0.9,2.6,0
1,10,2.40121E+13,33,2142,0,127.066103,37.509813,0,0.7,3.5,0
1,10,2.40121E+13,33,1810,0,127.066103,37.509813,0,1.5,1.7,0
1,10,2.40121E+13,33,1810,1,127.066103,37.509813,0,1,0.6,0
1,10,2.40121E+13,36,1810,0,127.066103,37.509813,0,0.9,1.3,0
1,10,2.40121E+13,36,1736,0,127.066103,37.509813,0,1.4,2.1,0
1,10,2.40121E+13,36,1736,0,127.066103,37.509813,0,1.3,1.6,0
1,10,2.40121E+13,29,1736,0,127.066103,37.509813,0,0.6,2.8,0
1,10,2.40121E+13,29,1254,0,127.066103,37.509813,0,0.7,2.2,0
1,10,2.40121E+13,29,1254,0,127.066103,37.509813,0,-1.3,3.9,0
1,10,2.40121E+13,25,1254,0,127.066103,37.509813,0,1.1,2.2,0
1,10,2.40121E+13,25,1563,0,127.066103,37.509813,0,1,2.3,0
1,10,2.40121E+13,25,1563,0,127.066103,37.509813,0,0.9,2.8,0
1,10,2.40121E+13,26,1563,0,127.066103,37.509813,0,0.7,2.9,0
1,10,2.40121E+13,26,1001,0,127.066103,37.509813,0,-0.6,2.4,0
1,10,2.40121E+13,26,1001,0,127.066103,37.509813,0,0.3,2.1,0
1,10,2.40121E+13,26,1001,0,127.066103,37.509813,0,0.3,2.2,0
1,10,2.40121E+13,26,1821,0,127.066103,37.509813,0,0.3,3.1,0
1,10,2.40121E+13,26,1821,0,127.066103,37.509813,0,0.8,2.4,0
1,10,2.40121E+13,31,1821,0,127.066103,37.509813,0,0.4,2.9,0
1,10,2.40121E+13,31,1529,0,127.066103,37.509813,0,1.6,1.8,0
1,10,2.40121E+13,31,1529,0,127.066103,37.509813,0,1.1,1.8,0
1,10,2.40121E+13,34,1529,0,127.066103,37.509813,0,1.1,1.6,0
1,10,2.40121E+13,34,2043,0,127.066103,37.509813,0,1.1,1.5,0
1,10,2.40121E+13,34,2043,0,127.067318,37.506306,164,1.3,1.7,0
1,10,2.40121E+13,43,2043,0,127.067318,37.506306,164,0.2,1.2,0
1,10,2.40121E+13,43,1605,0,127.067318,37.506306,164,-0.4,2.3,0
1,10,2.40121E+13,43,1605,0,127.067298,37.506216,190,-0.4,2.6,0
1,10,2.40121E+13,46,1605,0,127.067298,37.506216,190,-1.5,1.4,0
1,10,2.40121E+13,46,1668,0,127.067298,37.506216,0,0.6,1.9,0
1,10,2.40121E+13,35,1668,0,127.067298,37.506216,0,1.9,2,0
1,10,2.40121E+13,35,1135,0,127.067298,37.506216,0,1.9,2,0
1,10,2.40121E+13,35,1135,0,127.067298,37.506216,0,1.7,1.5,0
1,10,2.40121E+13,29,1135,0,127.067298,37.506216,0,1.6,1.5,0
1,10,2.40121E+13,29,1582,0,127.067298,37.506216,0,1.8,1.6,0
1,10,2.40121E+13,29,1582,0,127.067298,37.506216,0,1.2,1.3,0
1,10,2.40121E+13,27,1582,0,127.067298,37.506216,0,1.1,1.7,0
1,10,2.40121E+13,27,1779,0,127.067298,37.506216,0,1.2,1.5,0
1,10,2.40121E+13,27,1779,0,127.067298,37.506216,0,0.8,1.5,0
1,10,2.40121E+13,33,1779,0,127.067298,37.506216,0,1.2,1.8,0
1,10,2.40121E+13,33,1539,0,127.067298,37.506216,0,1.8,1.6,0
1,10,2.40121E+13,33,1539,0,127.067298,37.506216,0,1.1,1.4,0
1,10,2.40121E+13,29,1539,0,127.067298,37.506216,0,1.2,1.6,0
1,10,2.40121E+13,29,1075,0,127.067298,37.506216,0,1.4,1.7,0
1,10,2.40121E+13,29,1075,0,127.067298,37.506216,0,1,2,0
1,10,2.40121E+13,24,1075,0,127.067298,37.506216,0,1.1,2.4,0
1,10,2.40121E+13,24,705,0,127.067298,37.506216,0,1.1,2.9,0
1,10,2.40121E+13,24,705,0,127.067298,37.506216,0,0.9,1.3,0
1,10,2.40121E+13,20,705,0,127.067298,37.506216,0,1.4,1.8,0
1,10,2.40121E+13,20,768,0,127.067298,37.506216,0,1.1,1.6,0
1,10,2.40121E+13,20,768,0,127.067298,37.506216,0,1.3,1.6,0
1,10,2.40121E+13,14,768,1,127.067298,37.506216,0,1.6,0.7,0
1,10,2.40121E+13,14,842,1,127.067298,37.506216,0,1.1,1.5,0
1,10,2.40121E+13,14,842,1,127.067298,37.506216,0,1.2,1.5,0
1,10,2.40121E+13,12,842,1,127.067298,37.506216,0,1.2,1.5,0
1,10,2.40121E+13,12,1548,1,127.067298,37.506216,0,1.1,1.4,0
1,10,2.40121E+13,12,1548,1,127.067298,37.506216,0,1.5,1.7,0
1,10,2.40121E+13,15,1548,1,127.067298,37.506216,0,0.8,2.1,0
1,10,2.40121E+13,15,852,1,127.067298,37.506216,0,1.1,2,0
1,10,2.40121E+13,12,852,1,127.067298,37.506216,0,1.3,1.9,0
1,10,2.40121E+13,12,763,1,127.067298,37.506216,0,0.9,2.1,0
1,10,2.40121E+13,12,763,1,127.067298,37.506216,0,0.9,2,0
1,10,2.40121E+13,4,763,1,127.067298,37.506216,0,1.2,2.1,0
1,10,2.40121E+13,4,830,1,127.067298,37.506216,0,0.9,1.9,0
1,10,2.40121E+13,4,830,1,127.067298,37.506216,0,1.4,1.9,0
1,10,2.40121E+13,0,830,1,127.067298,37.506216,0,1,2.2,0
1,10,2.40121E+13,0,0,1,127.067298,37.506216,0,1.2,2.1,0
1,10,2.40121E+13,0,0,1,127.067298,37.506216,0,0.9,2,0
1,10,2.40121E+13,0,0,1,127.067298,37.506216,0,1.2,1.9,0
1,10,2.40121E+13,0,0,1,127.067298,37.506216,0,1.3,2,0
1,10,2.40121E+13,0,0,1,127.067298,37.506216,0,1,2.2,0
1,10,2.40121E+13,0,0,1,127.067298,37.506216,0,1.2,2,0
1,10,2.40121E+13,0,0,1,127.067298,37.506216,0,0.9,2.1,0
1,10,2.40121E+13,0,0,1,127.067298,37.506216,0,1.3,2,0
1,10,2.40121E+13,0,0,1,127.067298,37.506216,0,1,2,0
1,10,2.40121E+13,0,0,1,127.067298,37.506216,0,1.4,2.1,0
1,10,2.40121E+13,0,0,1,127.067298,37.506216,0,1,2.3,0
1,10,2.40121E+13,0,0,1,127.067298,37.506216,0,1.2,2,0
1,10,2.40121E+13,0,0,0,127.067298,37.506216,0,1.3,2,0
1,10,2.40121E+13,0,0,0,127.067298,37.506216,0,1.1,2.1,0
1,10,2.40121E+13,0,0,0,127.067298,37.506216,0,1.1,2.1,0
1,10,2.40121E+13,0,0,0,127.067298,37.506216,0,0.9,2.1,0
1,10,2.40121E+13,0,0,0,127.067298,37.506216,0,1.2,2.1,0
1,10,2.40121E+13,0,0,0,127.067298,37.506216,0,1.4,2,0
1,10,2.40121E+13,0,0,0,127.067298,37.506216,0,1.2,2.4,0
1,10,2.40121E+13,0,902,0,127.067298,37.506216,0,0.9,2.5,0
1,10,2.40121E+13,0,902,0,127.067298,37.506216,0,1.1,2,0
1,10,2.40121E+13,0,701,1,127.067298,37.506216,0,0.8,2.1,0
1,10,2.40121E+13,0,701,1,127.067298,37.506216,0,1,2.1,0
1,10,2.40121E+13,0,701,1,127.067298,37.506216,0,1.3,1.9,0
1,10,2.40121E+13,0,691,1,127.067298,37.506216,0,1.2,2.1,0
1,10,2.40121E+13,2,691,1,127.067298,37.506216,0,1,2,0
1,10,2.40121E+13,2,691,0,127.067298,37.506216,0,1.2,2,0
1,10,2.40121E+13,2,706,0,127.067298,37.506216,0,1.1,2,0
1,10,2.40121E+13,0,706,0,127.067298,37.506216,0,1.2,2.1,0
1,10,2.40121E+13,0,706,0,127.067298,37.506216,0,0.9,2.1,0
1,10,2.40121E+13,0,692,0,127.067298,37.506216,0,0.8,2,0
1,10,2.40121E+13,0,692,0,127.067298,37.506216,0,1.2,2,0
1,10,2.40121E+13,0,692,0,127.067298,37.506216,0,1.3,2,0
1,10,2.40121E+13,0,707,0,127.067298,37.506216,0,1.1,1.9,0
1,10,2.40121E+13,0,707,0,127.067298,37.506216,0,0.9,1.9,0
1,10,2.40121E+13,0,707,0,127.067298,37.506216,0,1.3,2.1,0
1,10,2.40121E+13,0,698,0,127.067298,37.506216,0,1.2,2,0
1,10,2.40121E+13,0,698,0,127.067298,37.506216,0,1,2,0
1,10,2.40121E+13,0,698,0,127.067298,37.506216,0,1,2,0
1,10,2.40121E+13,0,701,0,127.067298,37.506216,0,0.9,2,0
1,10,2.40121E+13,0,701,0,127.067298,37.506216,0,1.2,2,0
1,10,2.40121E+13,0,701,0,127.067298,37.506216,0,0.9,2,0
1,10,2.40121E+13,0,695,0,127.067298,37.506216,0,0.9,2.1,0
1,10,2.40121E+13,0,695,0,127.067298,37.506216,0,1.4,2,0
1,10,2.40121E+13,0,695,0,127.067298,37.506216,0,1.2,1.8,0
1,10,2.40121E+13,0,697,0,127.067298,37.506216,0,1.3,1.9,0
1,10,2.40121E+13,0,697,0,127.067298,37.506216,0,1,2,0
1,10,2.40121E+13,0,697,0,127.065578,37.50542,240,1.4,1.9,0
1,10,2.40121E+13,0,698,0,127.065578,37.50542,240,0.9,2,0
1,10,2.40121E+13,0,698,0,127.065578,37.50542,240,1.3,2,0
1,10,2.40121E+13,0,696,0,127.065578,37.50542,240,1.4,2,0
1,10,2.40121E+13,0,696,0,127.065578,37.50542,240,0.8,2,0
1,10,2.40121E+13,0,696,0,127.065578,37.50542,240,0.9,2,0
1,10,2.40121E+13,0,704,0,127.065578,37.50542,240,1.2,2,0
1,10,2.40121E+13,0,704,0,127.065578,37.50542,240,1.1,2,0
1,10,2.40121E+13,0,704,0,127.065578,37.50542,0,0.9,2.1,0
1,10,2.40121E+13,0,721,0,127.065578,37.50542,0,1.2,2,0
1,10,2.40121E+13,0,721,0,127.065578,37.50542,0,1,1.9,0
1,10,2.40121E+13,0,721,0,127.065578,37.50542,0,0.8,2.1,0
1,10,2.40121E+13,0,659,0,127.065578,37.50542,0,1,2.1,0
1,10,2.40121E+13,0,659,0,127.065578,37.50542,0,1.3,1.8,0
1,10,2.40121E+13,0,659,0,127.065578,37.50542,0,1,2.2,0
1,10,2.40121E+13,0,699,0,127.065578,37.50542,0,1.1,2,0
1,10,2.40121E+13,0,699,0,127.065578,37.50542,0,0.9,2,0
1,10,2.40121E+13,0,699,0,127.065578,37.50542,0,0.9,1.9,0
1,10,2.40121E+13,0,690,0,127.065578,37.50542,0,1.1,2.1,0
1,10,2.40121E+13,0,690,0,127.065578,37.50542,0,1.2,2,0
1,10,2.40121E+13,0,690,0,127.065578,37.50542,0,1.2,2,0
1,10,2.40121E+13,0,697,0,127.065578,37.50542,0,1.4,1.8,0
1,10,2.40121E+13,0,697,0,127.065578,37.50542,0,1.2,1.8,0
1,10,2.40121E+13,0,697,0,127.065578,37.50542,0,1.2,1.9,0
1,10,2.40121E+13,0,709,0,127.065578,37.50542,0,1.1,1.8,0
1,10,2.40121E+13,0,709,0,127.065578,37.50542,0,1.2,2.2,0
1,10,2.40121E+13,0,709,0,127.065578,37.50542,0,1,2,0
1,10,2.40121E+13,0,706,0,127.065578,37.50542,0,0.6,2.1,0
1,10,2.40121E+13,0,706,0,127.065578,37.50542,0,0.8,1.9,0
1,10,2.40121E+13,0,706,0,127.065578,37.50542,0,0.8,2.1,0
1,10,2.40121E+13,0,699,0,127.065578,37.50542,0,-0.8,5.3,0
1,10,2.40121E+13,0,699,0,127.065578,37.50542,0,0.8,3.7,0
1,10,2.40121E+13,0,701,0,127.065578,37.50542,0,0.3,4.9,0
1,10,2.40121E+13,0,701,0,127.065578,37.50542,0,0.2,2.7,0
1,10,2.40121E+13,0,701,0,127.065578,37.50542,0,1.1,1.5,0
1,10,2.40121E+13,0,705,0,127.065578,37.50542,0,1.7,2.8,0
1,10,2.40121E+13,0,705,0,127.065578,37.50542,0,1.6,3.8,0
1,10,2.40121E+13,0,705,0,127.065578,37.50542,0,2.3,2.9,0
1,10,2.40121E+13,0,1290,0,127.065578,37.50542,0,1.2,2.6,0
1,10,2.40121E+13,7,1290,0,127.065578,37.50542,0,1.5,1.9,0
1,10,2.40121E+13,7,1290,0,127.065578,37.50542,0,0.2,2.5,0
1,10,2.40121E+13,7,2846,0,127.065578,37.50542,0,1.2,2.8,0
1,10,2.40121E+13,37,2846,0,127.065578,37.50542,0,1.8,2.1,0
1,10,2.40121E+13,37,2846,0,127.065578,37.50542,0,1.7,2.5,0
1,10,2.40121E+13,37,1865,0,127.065578,37.50542,0,3,3.3,0
1,10,2.40121E+13,39,1865,0,127.065578,37.50542,0,1.7,1.8,0
1,10,2.40121E+13,39,1865,0,127.065578,37.50542,0,0.9,0.8,0
1,10,2.40121E+13,39,1521,0,127.065578,37.50542,0,0.6,1.7,0
1,10,2.40121E+13,45,1521,0,127.065578,37.50542,0,1.2,2.2,0
1,10,2.40121E+13,45,1521,0,127.065578,37.50542,0,0.6,2.4,0
1,10,2.40121E+13,45,1718,0,127.065578,37.50542,0,1.5,2.3,0
1,10,2.40121E+13,47,1718,1,127.065578,37.50542,0,1.8,1.7,0
1,10,2.40121E+13,47,1718,1,127.065578,37.50542,0,2.5,0.9,0
1,10,2.40121E+13,47,1677,1,127.065578,37.50542,0,1.8,0.9,0
1,10,2.40121E+13,46,1677,1,127.065578,37.50542,0,1.2,0.9,0
1,10,2.40121E+13,46,1677,1,127.065578,37.50542,0,2.4,-0.9,0
1,10,2.40121E+13,46,1602,1,127.065578,37.50542,0,1.8,0.7,0
1,10,2.40121E+13,44,1602,1,127.065578,37.50542,0,1.4,1.4,0
1,10,2.40121E+13,44,1602,0,127.065578,37.50542,0,1.1,2.2,0
1,10,2.40121E+13,44,1647,0,127.065578,37.50542,0,0.7,3.4,0
1,10,2.40121E+13,46,1647,0,127.065578,37.50542,0,1,4.6,0
1,10,2.40121E+13,46,1536,0,127.065578,37.50542,0,1.2,3.4,0
1,10,2.40121E+13,40,1536,0,127.062268,37.504265,247,1.3,3,0
1,10,2.40121E+13,40,1536,0,127.062268,37.504265,247,0.7,3.5,0
1,10,2.40121E+13,40,1097,0,127.062268,37.504265,247,1.5,2.6,0
1,10,2.40121E+13,17,1097,0,127.062268,37.504265,247,2,1.4,0
1,10,2.40121E+13,17,1097,0,127.062268,37.504265,247,1.5,2.7,0
1,10,2.40121E+13,17,811,0,127.062268,37.504265,247,0.2,2.3,0
1,10,2.40121E+13,19,811,0,127.062268,37.504265,247,3.4,1.5,0
1,10,2.40121E+13,19,811,0,127.062268,37.504265,247,0.7,2.4,0
1,10,2.40121E+13,19,2348,0,127.062268,37.504265,247,0.6,2.3,0
1,10,2.40121E+13,40,2348,0,127.062268,37.504265,247,1.2,1.8,0
1,10,2.40121E+13,40,2348,1,127.062268,37.504265,247,0.9,2.5,0
1,10,2.40121E+13,40,2347,1,127.062268,37.504265,247,3.5,1.5,0
1,10,2.40121E+13,50,2347,0,127.062268,37.504265,247,1.7,1.4,0
1,10,2.40121E+13,50,2347,1,127.062268,37.504265,0,1.1,0.8,0
1,10,2.40121E+13,50,1922,1,127.062268,37.504265,0,0.3,0.6,0
1,10,2.40121E+13,54,1922,1,127.062268,37.504265,0,1.7,-0.8,0
1,10,2.40121E+13,54,1922,1,127.062268,37.504265,0,1.2,-0.1,0
1,10,2.40121E+13,54,1641,1,127.062268,37.504265,0,2.4,0.3,0
1,10,2.40121E+13,58,1641,1,127.062268,37.504265,0,1,1.4,0
2,11,2.40121E+13,58,1641,1,127.062268,37.504265,0,1.6,1.4,0
2,11,2.40121E+13,58,1593,1,127.062268,37.504265,0,2.1,0.2,0
2,11,2.40121E+13,58,1593,1,127.062268,37.504265,0,1.6,-1.2,0
2,11,2.40121E+13,58,1593,1,127.062268,37.504265,0,1.1,1.6,0
2,11,2.40121E+13,58,1418,0,127.059001,37.503203,248,1.5,2,0
2,11,2.40121E+13,45,1418,1,127.059001,37.503203,248,1.7,0.2,0
2,11,2.40121E+13,45,1418,0,127.059001,37.503203,248,1.1,2.3,0
2,11,2.40121E+13,45,775,0,127.059001,37.503203,248,1.1,2.2,0
2,11,2.40121E+13,29,775,0,127.059001,37.503203,248,0.9,2.4,0
2,11,2.40121E+13,29,791,0,127.059001,37.503203,0,0.8,2.1,0
2,11,2.40121E+13,21,791,0,127.059001,37.503203,0,0.6,3.1,0
2,11,2.40121E+13,21,791,0,127.059001,37.503203,0,0.4,1.6,0
2,11,2.40121E+13,21,799,0,127.059001,37.503203,0,0,2,0
2,11,2.40121E+13,8,799,0,127.059001,37.503203,0,0.2,2.9,0
2,11,2.40121E+13,8,799,0,127.059001,37.503203,0,0,2.1,0
2,11,2.40121E+13,8,805,0,127.059001,37.503203,0,-0.1,2.4,0
2,11,2.40121E+13,4,805,0,127.059001,37.503203,0,-0.5,2.2,0
2,11,2.40121E+13,4,805,0,127.059001,37.503203,0,-0.8,2.3,0
2,11,2.40121E+13,4,895,0,127.059001,37.503203,0,0.1,3,0
2,11,2.40121E+13,6,895,0,127.059001,37.503203,0,1,3.4,0
2,11,2.40121E+13,6,895,0,127.059001,37.503203,0,0.5,2.4,0
2,11,2.40121E+13,6,1518,0,127.059001,37.503203,0,0.5,2.5,0
2,11,2.40121E+13,11,1518,0,127.059001,37.503203,0,0.7,2.6,0
2,11,2.40121E+13,11,1518,0,127.058295,37.503721,313,0.7,1.8,0
2,11,2.40121E+13,11,1522,0,127.058295,37.503721,313,1.1,1.5,0
2,11,2.40121E+13,18,1522,0,127.058295,37.503721,313,1.1,1.8,0
2,11,2.40121E+13,18,1522,0,127.058295,37.503721,313,0.1,1.2,0
2,11,2.40121E+13,18,2189,0,127.058295,37.503721,313,0.2,1.7,0
2,11,2.40121E+13,28,2189,1,127.058295,37.503721,0,1.6,-0.2,0
2,11,2.40121E+13,28,2189,1,127.058295,37.503721,0,2.3,-0.4,0
2,11,2.40121E+13,28,1671,1,127.058295,37.503721,0,1.3,0.1,0
2,11,2.40121E+13,38,1671,0,127.058295,37.503721,0,0.3,1.2,0
2,11,2.40121E+13,38,1671,1,127.058295,37.503721,0,2,-0.6,0
2,11,2.40121E+13,38,1644,1,127.058295,37.503721,0,2,-0.9,0
2,11,2.40121E+13,52,1644,1,127.058295,37.503721,0,1.6,-0.5,0
2,11,2.40121E+13,52,1644,1,127.057675,37.504876,337,1.4,0.2,0
2,11,2.40121E+13,52,1306,1,127.057675,37.504876,337,1.2,1.1,0
2,11,2.40121E+13,56,1306,1,127.057675,37.504876,337,1.1,1.1,0
2,11,2.40121E+13,56,905,1,127.057675,37.504876,337,1.8,0.1,0
2,11,2.40121E+13,39,905,1,127.057675,37.504876,337,1.5,0.8,0
2,11,2.40121E+13,39,905,0,127.057675,37.504876,0,1.2,1.3,0
2,11,2.40121E+13,39,829,1,127.057675,37.504876,0,1,1.3,0
2,11,2.40121E+13,18,829,1,127.057675,37.504876,0,1.2,1.3,0
2,11,2.40121E+13,18,829,0,127.057675,37.504876,0,1.3,1.5,0
2,11,2.40121E+13,18,838,0,127.057675,37.504876,0,1,1.2,0
2,11,2.40121E+13,11,838,0,127.057675,37.504876,0,1.3,1.6,0
2,11,2.40121E+13,11,838,0,127.057675,37.504876,0,1.3,1.1,0
2,11,2.40121E+13,11,822,0,127.057675,37.504876,0,1.4,1.5,0
2,11,2.40121E+13,1,822,0,127.057675,37.504876,0,1.3,1.3,0
2,11,2.40121E+13,1,822,0,127.057675,37.504876,0,1.6,1.3,0
2,11,2.40121E+13,1,705,0,127.057675,37.504876,0,1.5,1.3,0
2,11,2.40121E+13,0,705,0,127.057675,37.504876,0,1.6,1.2,0
2,11,2.40121E+13,0,705,0,127.057496,37.505186,336,1.1,1.4,0
2,11,2.40121E+13,0,787,0,127.057496,37.505186,336,1.4,1.4,0
2,11,2.40121E+13,0,787,0,127.057496,37.505186,336,1.5,1.3,0
2,11,2.40121E+13,0,787,0,127.057496,37.505186,0,1.2,1.4,0
2,11,2.40121E+13,0,694,0,127.057496,37.505186,0,1.5,1.1,0
2,11,2.40121E+13,0,694,0,127.057496,37.505186,0,1.6,1.5,0
2,11,2.40121E+13,0,694,0,127.057496,37.505186,0,1.6,1.2,0
2,11,2.40121E+13,0,700,0,127.057496,37.505186,0,1.3,1.2,0
2,11,2.40121E+13,0,700,0,127.057496,37.505186,0,1.5,1.3,0
2,11,2.40121E+13,0,700,0,127.057496,37.505186,0,1.4,1.2,0
2,11,2.40121E+13,0,711,0,127.057496,37.505186,0,1.5,0.9,0
2,11,2.40121E+13,0,711,0,127.057496,37.505186,0,1.2,1.4,0
2,11,2.40121E+13,0,711,0,127.057496,37.505186,0,1.3,1.2,0
2,11,2.40121E+13,0,694,0,127.057496,37.505186,0,1,1.3,0
2,11,2.40121E+13,0,694,0,127.057496,37.505186,0,1.3,1.5,0
2,11,2.40121E+13,0,701,0,127.057496,37.505186,0,1.3,1.3,0
2,11,2.40121E+13,0,701,0,127.057496,37.505186,0,1.1,1.3,0
2,11,2.40121E+13,0,701,0,127.057496,37.505186,0,1.5,1.1,0
2,11,2.40121E+13,0,694,0,127.057496,37.505186,0,1.3,1.4,0
2,11,2.40121E+13,0,694,0,127.057496,37.505186,0,1.1,1.6,0
2,11,2.40121E+13,0,694,0,127.057496,37.505186,0,1.1,1.3,0
2,11,2.40121E+13,0,694,0,127.057496,37.505186,0,1.7,1.3,0
2,11,2.40121E+13,0,694,0,127.057496,37.505186,0,1.2,1.5,0
2,11,2.40121E+13,0,694,0,127.057496,37.505186,0,1,1.2,0
2,11,2.40121E+13,0,696,0,127.057496,37.505186,0,1.6,1.4,0
2,11,2.40121E+13,0,696,0,127.057496,37.505186,0,1.2,1.4,0
2,11,2.40121E+13,0,696,0,127.057496,37.505186,0,1.1,1.4,0
2,11,2.40121E+13,0,704,0,127.057496,37.505186,0,0.5,3.8,0
2,11,2.40121E+13,0,704,0,127.057496,37.505186,0,0.5,3.6,0
2,11,2.40121E+13,0,704,0,127.057496,37.505186,0,1.3,4,0
2,11,2.40121E+13,0,705,0,127.057496,37.505186,0,-0.2,3.2,0
2,11,2.40121E+13,0,705,0,127.057496,37.505186,0,1,2.6,0
2,11,2.40121E+13,0,705,0,127.057496,37.505186,0,0.5,2.6,0
2,11,2.40121E+13,0,1745,0,127.057496,37.505186,0,1.5,1.8,0
2,11,2.40121E+13,12,1745,0,127.057496,37.505186,0,1.5,1.3,0
2,11,2.40121E+13,12,1745,1,127.057496,37.505186,0,0.8,0.7,0
2,11,2.40121E+13,12,2358,1,127.057496,37.505186,0,1.1,1.3,0
2,11,2.40121E+13,34,2358,1,127.057496,37.505186,0,1.3,0.9,0
2,11,2.40121E+13,34,2358,1,127.057496,37.505186,0,1.1,0.4,0
2,11,2.40121E+13,34,2188,0,127.057496,37.505186,0,1.1,1.5,0
2,11,2.40121E+13,42,2188,0,127.057496,37.505186,0,0.1,1.7,0
2,11,2.40121E+13,42,2188,1,127.057496,37.505186,0,2.7,-1.7,0
2,11,2.40121E+13,42,2265,1,127.057496,37.505186,0,1.1,-0.4,0
2,11,2.40121E+13,49,2265,1,127.057496,37.505186,0,1.8,0.2,0
2,11,2.40121E+13,49,1691,1,127.056721,37.506343,333,1.6,0.7,0
2,11,2.40121E+13,44,1691,1,127.056721,37.506343,333,1,1.6,0
2,11,2.40121E+13,44,1691,1,127.056721,37.506343,0,1.2,1.8,0
2,11,2.40121E+13,44,994,1,127.056721,37.506343,0,1.4,1.9,0
2,11,2.40121E+13,36,994,1,127.056721,37.506343,0,1,1.8,0
2,11,2.40121E+13,36,994,1,127.056721,37.506343,0,1.1,1.7,0
2,11,2.40121E+13,36,1391,1,127.056721,37.506343,0,1.2,1.7,0
2,11,2.40121E+13,9,1391,1,127.056721,37.506343,0,1,1.8,0
2,11,2.40121E+13,9,1391,1,127.056721,37.506343,0,1.3,1.7,0
2,11,2.40121E+13,9,820,1,127.056721,37.506343,0,0.9,2,0
2,11,2.40121E+13,2,820,1,127.056721,37.506343,0,1,2,0
2,11,2.40121E+13,2,820,1,127.056721,37.506343,0,1.1,1.8,0
2,11,2.40121E+13,2,728,1,127.056721,37.506343,0,1.1,1.8,0
2,11,2.40121E+13,0,728,1,127.056721,37.506343,0,0.9,1.8,0
2,11,2.40121E+13,0,728,1,127.056721,37.506343,0,0.9,1.8,0
2,11,2.40121E+13,0,0,1,127.056721,37.506343,0,1.3,1.8,0
2,11,2.40121E+13,0,0,0,127.056721,37.506343,0,1.4,1.8,0
2,11,2.40121E+13,0,0,1,127.056721,37.506343,0,1.2,1.8,0
2,11,2.40121E+13,0,0,0,127.056721,37.506343,0,1.4,1.7,0
2,11,2.40121E+13,0,0,1,127.056721,37.506343,0,1.4,1.9,0
2,11,2.40121E+13,0,0,1,127.056721,37.506343,0,1.3,1.8,0
2,11,2.40121E+13,0,0,1,127.056721,37.506343,0,1.1,1.7,0
2,11,2.40121E+13,0,0,1,127.056738,37.506366,29,0.9,1.8,0
2,11,2.40121E+13,0,0,1,127.056738,37.506366,29,1.4,1.7,0
2,11,2.40121E+13,0,0,1,127.056738,37.506366,29,1,1.8,0
2,11,2.40121E+13,0,0,0,127.056738,37.506366,0,1.3,1.6,0
2,11,2.40121E+13,0,169,0,127.056738,37.506366,0,0.8,4,0
2,11,2.40121E+13,0,169,0,127.056738,37.506366,0,0.2,3.5,0
2,11,2.40121E+13,0,169,0,127.056738,37.506366,0,0.8,2.8,0
2,11,2.40121E+13,0,734,0,127.056738,37.506366,0,1.4,3.5,0
2,11,2.40121E+13,0,734,0,127.056738,37.506366,0,3.2,2.5,0
2,11,2.40121E+13,0,693,0,127.056738,37.506366,0,2.6,2.3,0
2,11,2.40121E+13,0,693,0,127.056738,37.506366,0,3.2,2.6,0
2,11,2.40121E+13,0,693,0,127.056738,37.506366,0,3.2,2.6,0
2,11,2.40121E+13,4,1658,0,127.056738,37.506366,0,3.7,3.6,0
2,11,2.40121E+13,4,1658,0,127.056738,37.506366,0,1.7,3.9,0
2,11,2.40121E+13,4,1658,0,127.056738,37.506366,0,0.9,3.1,0
2,11,2.40121E+13,18,1824,0,127.056738,37.506366,0,0.2,3.6,0
2,11,2.40121E+13,18,1824,0,127.056738,37.506366,0,0.2,2.9,0
2,11,2.40121E+13,18,1824,0,127.056738,37.506366,0,0.7,2.6,0
2,11,2.40121E+13,28,1329,0,127.056738,37.506366,0,0.7,2.5,0
2,11,2.40121E+13,28,1329,0,127.056738,37.506366,0,0.2,1.5,0
2,11,2.40121E+13,28,1329,0,127.056738,37.506366,0,0.8,1.8,0
2,11,2.40121E+13,26,1743,0,127.056738,37.506366,0,1.2,1.9,0
2,11,2.40121E+13,26,1743,0,127.056738,37.506366,0,0.3,2.3,0
2,11,2.40121E+13,26,1743,0,127.056738,37.506366,0,3.3,2.5,0
2,11,2.40121E+13,34,1927,0,127.056738,37.506366,0,1,1.4,0
2,11,2.40121E+13,34,1927,0,127.056738,37.506366,0,1.6,2,0
2,11,2.40121E+13,34,1927,0,127.056738,37.506366,0,1,1.7,0
2,11,2.40121E+13,46,1776,0,127.056738,37.506366,0,1.1,1.6,0
2,11,2.40121E+13,46,1776,0,127.056738,37.506366,0,1.4,2,0
2,11,2.40121E+13,46,1776,1,127.056738,37.506366,0,2.5,1.4,0
2,11,2.40121E+13,52,1890,1,127.05427,37.506118,263,2.2,0.9,0
2,11,2.40121E+13,52,1890,1,127.05427,37.506118,263,1.6,0.9,0
2,11,2.40121E+13,52,1890,1,127.05427,37.506118,263,0.7,0.8,0
2,11,2.40121E+13,52,1391,1,127.05427,37.506118,0,1.4,0.8,0
2,11,2.40121E+13,52,1391,1,127.05427,37.506118,0,1.5,0.6,0
2,11,2.40121E+13,52,1391,1,127.05427,37.506118,0,1.6,0.7,0
2,11,2.40121E+13,53,1424,0,127.05427,37.506118,0,1.1,1.6,0
2,11,2.40121E+13,53,1424,1,127.05427,37.506118,0,1.4,0.8,0
2,11,2.40121E+13,51,1345,1,127.05427,37.506118,0,1.6,0.5,0
2,11,2.40121E+13,51,1345,1,127.05427,37.506118,0,1.4,0.9,0
2,11,2.40121E+13,51,1345,0,127.05427,37.506118,0,1.3,2,0
2,11,2.40121E+13,46,950,0,127.05427,37.506118,0,1.3,2.3,0
2,11,2.40121E+13,46,950,0,127.05427,37.506118,0,0.5,3.9,0
2,11,2.40121E+13,46,950,0,127.05427,37.506118,0,1,4.2,0
2,11,2.40121E+13,33,862,0,127.05427,37.506118,0,0.9,3,0
2,11,2.40121E+13,33,862,0,127.05427,37.506118,0,0.5,3.1,0
2,11,2.40121E+13,33,862,0,127.05427,37.506118,0,0.7,2.9,0
2,11,2.40121E+13,20,752,0,127.05427,37.506118,0,0.4,2.9,0
2,11,2.40121E+13,20,752,0,127.05427,37.506118,0,1.6,3.5,0
2,11,2.40121E+13,20,752,0,127.05427,37.506118,0,1.3,2.4,0
3,12,2.40121E+13,13,810,0,127.05427,37.506118,0,0.9,3.1,0
3,12,2.40121E+13,13,810,0,127.05427,37.506118,0,1.2,2.9,0
3,12,2.40121E+13,13,810,0,127.05427,37.506118,0,1.9,2.7,0
3,12,2.40121E+13,5,861,0,127.05427,37.506118,0,1.1,2,0
3,12,2.40121E+13,5,861,0,127.05427,37.506118,0,1,2.7,0
3,12,2.40121E+13,5,861,0,127.05427,37.506118,0,0.7,2.5,0
3,12,2.40121E+13,22,2024,0,127.05427,37.506118,0,0.9,2.1,0
3,12,2.40121E+13,22,2024,0,127.05427,37.506118,0,1.8,1.9,0
3,12,2.40121E+13,22,2024,0,127.05427,37.506118,0,1.1,1.8,0
3,12,2.40121E+13,32,1717,0,127.05427,37.506118,0,2.1,1.3,0
3,12,2.40121E+13,32,1717,0,127.05427,37.506118,0,-0.4,2.2,0
3,12,2.40121E+13,32,1717,0,127.05427,37.506118,0,1.5,1.8,0
3,12,2.40121E+13,44,1713,0,127.05427,37.506118,0,1.2,2.6,0
3,12,2.40121E+13,44,1713,0,127.05427,37.506118,0,1.4,1.6,0
3,12,2.40121E+13,44,1713,0,127.05427,37.506118,0,1.4,1.8,0
3,12,2.40121E+13,54,1543,0,127.050301,37.504783,248,0.6,2.6,0
3,12,2.40121E+13,54,1543,0,127.050301,37.504783,248,1.9,1.4,0
3,12,2.40121E+13,59,1543,0,127.050301,37.504783,0,1.8,1.7,0
3,12,2.40121E+13,59,1543,0,127.050301,37.504783,0,0.8,4,0
3,12,2.40121E+13,59,1543,0,127.050301,37.504783,0,1.3,2.2,0
3,12,2.40121E+13,56,1471,0,127.050301,37.504783,0,1.4,1.9,0
3,12,2.40121E+13,56,1471,0,127.050301,37.504783,0,0.2,0.6,0
3,12,2.40121E+13,56,1471,0,127.050301,37.504783,0,1.6,1.1,0
3,12,2.40121E+13,54,1456,1,127.050301,37.504783,0,1.4,0.7,0
3,12,2.40121E+13,54,1456,1,127.050301,37.504783,0,2.2,0.2,0
3,12,2.40121E+13,54,1456,1,127.050301,37.504783,0,0.9,0.5,0
3,12,2.40121E+13,55,1505,1,127.050301,37.504783,0,0.9,1.5,0
3,12,2.40121E+13,55,1505,0,127.050301,37.504783,0,0.2,2,0
3,12,2.40121E+13,55,1505,1,127.050301,37.504783,0,0.7,0.5,0
3,12,2.40121E+13,64,2311,1,127.050301,37.504783,0,1.6,1.1,0
3,12,2.40121E+13,64,2311,1,127.050301,37.504783,0,1.5,1.6,0
3,12,2.40121E+13,64,2311,1,127.047433,37.503745,246,0.9,1.4,0
3,12,2.40121E+13,62,1543,1,127.047433,37.503745,246,1.3,1.6,0
3,12,2.40121E+13,62,1543,1,127.047433,37.503745,246,1.7,1,0
3,12,2.40121E+13,62,1543,1,127.047433,37.503745,0,2,0.1,0
3,12,2.40121E+13,48,939,1,127.047433,37.503745,0,1.6,1.1,0
3,12,2.40121E+13,48,939,1,127.047433,37.503745,0,1.8,0.8,0
3,12,2.40121E+13,48,939,0,127.046791,37.503498,245,1.2,1.7,0
3,12,2.40121E+13,44,1341,1,127.046791,37.503498,245,1,1.3,0
3,12,2.40121E+13,44,1341,1,127.046791,37.503498,245,1.2,0.9,0
3,12,2.40121E+13,44,1341,0,127.046791,37.503498,0,1.5,1.9,0
3,12,2.40121E+13,34,1526,1,127.046791,37.503498,0,1.3,2,0
3,12,2.40121E+13,34,1526,1,127.046791,37.503498,0,1.6,0.9,0
3,12,2.40121E+13,34,1526,1,127.046791,37.503498,0,0.9,1.2,0
3,12,2.40121E+13,28,789,1,127.046791,37.503498,0,1.1,2.1,0
3,12,2.40121E+13,28,789,1,127.046791,37.503498,0,1.2,1.8,0
3,12,2.40121E+13,15,796,1,127.046791,37.503498,0,1.1,1.9,0
3,12,2.40121E+13,15,796,1,127.046791,37.503498,0,1,2,0
3,12,2.40121E+13,15,796,1,127.046791,37.503498,0,0.8,1.9,0
3,12,2.40121E+13,10,792,1,127.046791,37.503498,0,1.2,2,0
3,12,2.40121E+13,10,792,1,127.046791,37.503498,0,1.2,2,0
3,12,2.40121E+13,10,792,1,127.046791,37.503498,0,0.9,2.2,0
3,12,2.40121E+13,4,779,1,127.046791,37.503498,0,1,2,0
3,12,2.40121E+13,4,779,1,127.046791,37.503498,0,1.3,2.1,0
3,12,2.40121E+13,4,779,1,127.046791,37.503498,0,0.7,2.3,0
3,12,2.40121E+13,0,0,1,127.046791,37.503498,0,1,1.9,0
3,12,2.40121E+13,0,0,1,127.046791,37.503498,0,1,1.8,0
3,12,2.40121E+13,0,0,1,127.046791,37.503498,0,1,2.1,0
3,12,2.40121E+13,0,0,1,127.046791,37.503498,0,1.2,2,0
3,12,2.40121E+13,0,0,1,127.046791,37.503498,0,1.1,1.8,0
3,12,2.40121E+13,0,0,0,127.046791,37.503498,0,1,2.1,0
3,12,2.40121E+13,0,0,0,127.046791,37.503498,0,0.1,4.8,0
3,12,2.40121E+13,0,0,0,127.046791,37.503498,0,0.9,3,0
3,12,2.40121E+13,0,0,0,127.046791,37.503498,0,0.8,3,0
3,12,2.40121E+13,0,0,0,127.046791,37.503498,0,0.6,3.8,0
3,12,2.40121E+13,0,0,0,127.046791,37.503498,0,1.1,3.7,0
3,12,2.40121E+13,0,0,0,127.046791,37.503498,0,0.6,3.9,0
3,12,2.40121E+13,0,1325,0,127.046428,37.503366,246,0.3,2.6,0
3,12,2.40121E+13,3,1325,0,127.046428,37.503366,246,1.4,2,0
3,12,2.40121E+13,3,1325,0,127.046428,37.503366,246,1.4,2.6,0
3,12,2.40121E+13,3,1563,0,127.046428,37.503366,246,1.2,2.9,0
3,12,2.40121E+13,12,1563,0,127.046428,37.503366,0,0.7,3.2,0
3,12,2.40121E+13,12,1563,0,127.046428,37.503366,0,0.8,3,0
3,12,2.40121E+13,16,1667,1,127.046428,37.503366,0,0.8,1.3,0
3,12,2.40121E+13,16,1667,0,127.046428,37.503366,0,1.2,1.6,0
3,12,2.40121E+13,16,2055,0,127.046428,37.503366,0,0.9,2.3,0
3,12,2.40121E+13,26,2055,0,127.045366,37.503066,251,0.9,1.3,0
3,12,2.40121E+13,26,2055,0,127.045366,37.503066,251,1.7,2,0
3,12,2.40121E+13,26,2584,0,127.045366,37.503066,251,1.2,2.1,0
3,12,2.40121E+13,32,2584,0,127.045366,37.503066,251,0.2,1.9,0
3,12,2.40121E+13,32,2584,0,127.045366,37.503066,251,1.3,1.6,0
3,12,2.40121E+13,32,1632,0,127.045366,37.503066,251,1.4,2.4,0
3,12,2.40121E+13,36,1632,0,127.045366,37.503066,251,1.5,2.6,0
3,12,2.40121E+13,36,1632,0,127.045366,37.503066,251,0.8,2.1,0
3,12,2.40121E+13,36,1999,0,127.045366,37.503066,251,1.1,2.1,0
3,12,2.40121E+13,39,1999,0,127.045366,37.503066,251,1.3,1.6,0
3,12,2.40121E+13,39,1999,0,127.044261,37.502836,256,0.6,2.4,0
3,12,2.40121E+13,39,1705,0,127.044261,37.502836,256,0.6,2,0
3,12,2.40121E+13,33,1705,0,127.044261,37.502836,256,1.1,1.7,0
3,12,2.40121E+13,33,1705,0,127.044261,37.502836,256,1,2.2,0
3,12,2.40121E+13,33,1301,0,127.044261,37.502836,0,1,1.9,0
3,12,2.40121E+13,27,1301,0,127.044261,37.502836,0,1,2.2,0
3,12,2.40121E+13,27,1301,0,127.044261,37.502836,0,1,2,0
3,12,2.40121E+13,27,1238,0,127.044016,37.502726,241,1.3,2.2,0
3,12,2.40121E+13,23,1238,0,127.044016,37.502726,241,1.4,2.4,0
3,12,2.40121E+13,23,1238,0,127.044016,37.502726,241,1.2,2,0
3,12,2.40121E+13,23,947,0,127.044016,37.502726,241,1,1.9,0
3,12,2.40121E+13,20,947,0,127.044016,37.502726,241,1.4,2.1,0
3,12,2.40121E+13,20,947,1,127.044016,37.502726,241,1,1.8,0
3,12,2.40121E+13,20,1300,1,127.044016,37.502726,241,1.1,1.5,0
3,12,2.40121E+13,16,1300,1,127.044016,37.502726,241,0.4,2.9,0
3,12,2.40121E+13,16,1300,1,127.044016,37.502726,241,0.9,2.6,0
3,12,2.40121E+13,12,1112,1,127.044016,37.502726,241,0.8,2.5,0
3,12,2.40121E+13,12,1112,1,127.044016,37.502726,0,1.1,2.3,0
3,12,2.40121E+13,12,901,1,127.044016,37.502726,0,1,2.4,0
3,12,2.40121E+13,9,901,1,127.044016,37.502726,0,0.8,2.4,0
3,12,2.40121E+13,9,901,1,127.044016,37.502726,0,1.1,2.3,0
3,12,2.40121E+13,9,917,0,127.044016,37.502726,0,1,2.6,0
3,12,2.40121E+13,7,917,0,127.044016,37.502726,0,0.6,4,0
3,12,2.40121E+13,7,917,0,127.044016,37.502726,0,0.1,3.8,0
3,12,2.40121E+13,7,792,0,127.044016,37.502726,0,0.5,3.2,0
3,12,2.40121E+13,2,792,0,127.044016,37.502726,0,0.3,3.8,0
3,12,2.40121E+13,2,792,0,127.044016,37.502726,0,0.5,3.9,0
3,12,2.40121E+13,2,703,0,127.04373,37.502653,253,0.8,3.3,0
3,12,2.40121E+13,0,703,0,127.04373,37.502653,253,0.5,3.2,0
3,12,2.40121E+13,0,703,0,127.04373,37.502653,253,0.6,3.2,0
3,12,2.40121E+13,0,702,0,127.04373,37.502653,0,0.5,3.4,0
3,12,2.40121E+13,0,702,0,127.04373,37.502653,0,1.1,3.6,0
3,12,2.40121E+13,0,702,0,127.04373,37.502653,0,1.4,3.4,0
3,12,2.40121E+13,2,1419,0,127.04373,37.502653,0,0.4,3.9,0
3,12,2.40121E+13,2,1419,0,127.04373,37.502653,0,1.7,3.3,0
3,12,2.40121E+13,2,1419,0,127.04373,37.502653,0,0.5,2.6,0
3,12,2.40121E+13,15,1964,0,127.04373,37.502653,0,1.4,3.2,0
3,12,2.40121E+13,15,1964,0,127.04373,37.502653,0,0.9,2.6,0
3,12,2.40121E+13,15,1964,0,127.04373,37.502653,0,0.4,1.6,0
3,12,2.40121E+13,27,1926,0,127.04373,37.502653,0,0.9,1.5,0
3,12,2.40121E+13,27,1926,0,127.04373,37.502653,0,1.4,2.7,0
3,12,2.40121E+13,27,1926,0,127.04373,37.502653,0,0.2,2.6,0
3,12,2.40121E+13,32,1777,0,127.04373,37.502653,0,0.3,2.9,0
3,12,2.40121E+13,32,1777,0,127.04373,37.502653,0,0.5,3.2,0
3,12,2.40121E+13,32,1777,0,127.04373,37.502653,0,0.4,3,0
3,12,2.40121E+13,40,2018,0,127.04373,37.502653,0,1.3,2.5,0
3,12,2.40121E+13,40,2018,0,127.04373,37.502653,0,0.9,2.9,0
3,12,2.40121E+13,46,1600,0,127.04373,37.502653,0,0.6,2.7,0
3,12,2.40121E+13,46,1600,0,127.04373,37.502653,0,0.9,2.6,0
3,12,2.40121E+13,46,1600,0,127.04373,37.502653,0,1.1,1.4,0
3,12,2.40121E+13,47,1719,0,127.04373,37.502653,0,0.6,1.6,0
3,12,2.40121E+13,47,1719,0,127.04373,37.502653,0,0.6,1.8,0
3,12,2.40121E+13,47,1719,0,127.04373,37.502653,0,0.9,3.3,0
3,12,2.40121E+13,48,1783,0,127.04373,37.502653,0,2.3,1.7,0
4,13,2.40121E+13,48,1783,0,127.04373,37.502653,0,2.1,2,0
4,13,2.40121E+13,48,1783,0,127.04373,37.502653,0,0.9,2.4,0
4,13,2.40121E+13,52,1900,0,127.04373,37.502653,0,0.9,2.5,0
4,13,2.40121E+13,52,1900,0,127.04373,37.502653,0,1.2,3.2,0
4,13,2.40121E+13,52,1900,0,127.04373,37.502653,0,1.3,2.1,0
4,13,2.40121E+13,55,1916,0,127.04373,37.502653,0,1.3,1.6,0
4,13,2.40121E+13,55,1916,0,127.04373,37.502653,0,1.6,1.5,0
4,13,2.40121E+13,55,1916,0,127.04373,37.502653,0,0.9,1.8,0
4,13,2.40121E+13,51,1844,0,127.038978,37.501263,250,1.8,1.5,0
4,13,2.40121E+13,51,1844,0,127.038978,37.501263,250,1.9,1.9,0
4,13,2.40121E+13,51,1844,1,127.038978,37.501263,250,0.9,0.4,0
4,13,2.40121E+13,46,1708,1,127.038978,37.501263,0,1.5,-0.1,0
4,13,2.40121E+13,46,1708,1,127.038978,37.501263,0,1.4,-0.4,0
4,13,2.40121E+13,46,1708,1,127.038978,37.501263,0,1.6,-0.9,0
4,13,2.40121E+13,50,1762,1,127.038978,37.501263,0,1.3,0.7,0
4,13,2.40121E+13,50,1762,1,127.038978,37.501263,0,1.7,0.9,0
4,13,2.40121E+13,50,1762,1,127.038978,37.501263,0,1.8,0.6,0
4,13,2.40121E+13,46,1666,1,127.038978,37.501263,0,1.6,0.1,0
4,13,2.40121E+13,46,1666,1,127.038978,37.501263,0,1.7,0.2,0
4,13,2.40121E+13,46,1666,1,127.038978,37.501263,0,1.1,0.9,0
4,13,2.40121E+13,37,1098,1,127.038978,37.501263,0,1.1,1.2,0
4,13,2.40121E+13,37,1098,1,127.038978,37.501263,0,1.4,1.3,0
4,13,2.40121E+13,13,848,1,127.038978,37.501263,0,1.4,1.3,0
4,13,2.40121E+13,13,848,1,127.038978,37.501263,0,1.4,1.3,0
4,13,2.40121E+13,13,848,1,127.038978,37.501263,0,1.3,1.4,0
4,13,2.40121E+13,3,819,1,127.038978,37.501263,0,1.4,1,0
4,13,2.40121E+13,3,819,1,127.038978,37.501263,0,1,1.3,0
4,13,2.40121E+13,3,819,1,127.038978,37.501263,0,1.3,1.1,0
4,13,2.40121E+13,0,65,1,127.038978,37.501263,0,1.2,1.4,0
4,13,2.40121E+13,0,65,1,127.038978,37.501263,0,1.2,1.3,0
4,13,2.40121E+13,0,65,1,127.038978,37.501263,0,1.4,1.2,0
4,13,2.40121E+13,0,0,1,127.038978,37.501263,0,1.5,1.2,0
4,13,2.40121E+13,0,0,1,127.038978,37.501263,0,1.1,1.5,0
4,13,2.40121E+13,0,0,1,127.038978,37.501263,0,1.1,1.3,0
4,13,2.40121E+13,0,0,1,127.038978,37.501263,0,1.5,1.2,0
4,13,2.40121E+13,0,0,1,127.038978,37.501263,0,1.4,1.3,0
4,13,2.40121E+13,0,0,1,127.038978,37.501263,0,1.1,1.5,0
4,13,2.40121E+13,0,0,1,127.038978,37.501263,0,1.3,1.5,0
4,13,2.40121E+13,0,0,1,127.038978,37.501263,0,1.1,1.3,0
4,13,2.40121E+13,0,0,1,127.038978,37.501263,0,1,1.3,0
4,13,2.40121E+13,0,0,1,127.038978,37.501263,0,1.1,1.4,0
4,13,2.40121E+13,0,0,1,127.038978,37.501263,0,1.2,1.2,0
4,13,2.40121E+13,0,0,1,127.038978,37.501263,0,1.1,1.2,0
4,13,2.40121E+13,0,0,1,127.038978,37.501263,0,1,1.1,0
4,13,2.40121E+13,0,0,1,127.038978,37.501263,0,1.3,1.4,0
4,13,2.40121E+13,0,0,1,127.038978,37.501263,0,1.7,1.2,0
4,13,2.40121E+13,0,0,1,127.038978,37.501263,0,1.1,1.4,0
4,13,2.40121E+13,0,0,0,127.038978,37.501263,0,1.6,1.4,0
4,13,2.40121E+13,0,0,0,127.038978,37.501263,0,1.1,1.5,0
4,13,2.40121E+13,0,0,0,127.038978,37.501263,0,0.6,2.3,0
4,13,2.40121E+13,0,0,1,127.038978,37.501263,0,1.1,1.9,0
4,13,2.40121E+13,0,1010,1,127.038978,37.501263,0,1.5,-0.1,0
4,13,2.40121E+13,7,1010,1,127.038978,37.501263,0,1.8,-0.2,0
4,13,2.40121E+13,7,1010,1,127.038978,37.501263,0,1.3,1.6,0
4,13,2.40121E+13,10,1126,0,127.038978,37.501263,0,1.5,1.3,0
4,13,2.40121E+13,10,1126,0,127.038978,37.501263,0,1.4,1.2,0
4,13,2.40121E+13,10,1126,0,127.038978,37.501263,0,1.2,1.2,0
4,13,2.40121E+13,8,810,0,127.038978,37.501263,0,1.2,1.3,0
4,13,2.40121E+13,8,810,0,127.038978,37.501263,0,0.9,0.8,0
4,13,2.40121E+13,8,810,0,127.038978,37.501263,0,1,0.7,0
4,13,2.40121E+13,0,768,0,127.038978,37.501263,0,0.9,1.1,0
4,13,2.40121E+13,0,768,0,127.038978,37.501263,0,1,0.8,0
4,13,2.40121E+13,0,768,0,127.038978,37.501263,0,1.1,0.9,0
4,13,2.40121E+13,0,704,0,127.038978,37.501263,0,0.5,2.1,0
4,13,2.40121E+13,0,704,0,127.038978,37.501263,0,1,1.7,0
4,13,2.40121E+13,0,704,0,127.038978,37.501263,0,0.7,1.7,0
4,13,2.40121E+13,0,695,0,127.037715,37.500968,254,0.5,1.9,0
4,13,2.40121E+13,0,695,0,127.037715,37.500968,254,0.4,2.1,0
4,13,2.40121E+13,0,695,0,127.037715,37.500968,254,1,1.5,0
4,13,2.40121E+13,0,762,0,127.037715,37.500968,254,0.9,1.5,0
4,13,2.40121E+13,3,762,0,127.037715,37.500968,254,0,1.7,0
4,13,2.40121E+13,3,762,0,127.037715,37.500968,254,1,1.2,0
4,13,2.40121E+13,3,833,0,127.037715,37.500968,254,0.8,1.5,0
4,13,2.40121E+13,7,833,0,127.037715,37.500968,254,0.6,1.1,0
4,13,2.40121E+13,7,833,1,127.037715,37.500968,254,4.8,0.8,0
4,13,2.40121E+13,7,1297,0,127.037715,37.500968,254,4.7,1.9,0
4,13,2.40121E+13,12,1297,0,127.037715,37.500968,254,1.6,3.4,0
4,13,2.40121E+13,12,1297,0,127.037715,37.500968,254,2.4,4,0
4,13,2.40121E+13,19,1534,0,127.037715,37.500968,254,2,2.6,0
4,13,2.40121E+13,19,1534,0,127.037715,37.500968,254,2,3.8,0
4,13,2.40121E+13,19,1647,0,127.037715,37.500968,254,0.2,2.5,0
4,13,2.40121E+13,25,1647,0,127.037715,37.500968,254,-0.6,2.6,0
4,13,2.40121E+13,25,1647,0,127.037715,37.500968,254,0.1,3,0
4,13,2.40121E+13,25,756,0,127.037715,37.500968,254,1.1,2.4,0
4,13,2.40121E+13,24,756,0,127.037715,37.500968,254,2.2,2.5,0
4,13,2.40121E+13,24,756,1,127.037715,37.500968,254,1.7,-0.6,0
4,13,2.40121E+13,24,1608,1,127.037715,37.500968,254,2.1,-1.8,0
4,13,2.40121E+13,32,1608,0,127.037715,37.500968,254,0.4,1.3,0
4,13,2.40121E+13,32,1608,0,127.037715,37.500968,254,1.8,1.1,0
4,13,2.40121E+13,32,1972,0,127.037715,37.500968,254,1.6,1.6,0
4,13,2.40121E+13,42,1972,0,127.037715,37.500968,0,1.4,1.6,0
4,13,2.40121E+13,42,1972,0,127.037715,37.500968,0,0.6,1,0
4,13,2.40121E+13,42,2372,0,127.037715,37.500968,0,1.4,1.6,0
4,13,2.40121E+13,57,2372,0,127.037595,37.499193,184,1.5,1.6,0
4,13,2.40121E+13,57,2372,0,127.037595,37.499193,184,1.6,1.6,0
4,13,2.40121E+13,57,2059,0,127.037595,37.499193,184,1.1,1.7,0
4,13,2.40121E+13,51,2059,0,127.037595,37.499193,184,0.2,1.5,0
4,13,2.40121E+13,51,2059,1,127.037595,37.499193,0,2.4,-0.1,0
4,13,2.40121E+13,51,890,1,127.037595,37.499193,0,1.5,1.3,0
4,13,2.40121E+13,42,890,1,127.037595,37.499193,0,1.1,0.1,0
4,13,2.40121E+13,42,890,1,127.037595,37.499193,0,1.7,0.7,0
4,13,2.40121E+13,42,1243,1,127.037595,37.499193,0,2.2,1.4,0
4,13,2.40121E+13,43,1243,1,127.037595,37.499193,0,2,0,0
4,13,2.40121E+13,43,1243,1,127.037595,37.499193,0,2.2,-0.5,0
4,13,2.40121E+13,43,1240,1,127.037595,37.499193,0,2.5,-0.7,0
4,13,2.40121E+13,44,1240,1,127.037595,37.499193,0,0.5,-0.3,0
4,13,2.40121E+13,44,1240,1,127.037595,37.499193,0,0,0.2,0
4,13,2.40121E+13,27,964,0,127.037595,37.499193,0,0.9,1.6,0
4,13,2.40121E+13,27,964,1,127.037595,37.499193,0,0.3,0.9,0
4,13,2.40121E+13,27,879,0,127.037595,37.499193,0,3,2.4,0
4,13,2.40121E+13,14,879,1,127.037595,37.499193,0,0.5,0.8,0
4,13,2.40121E+13,14,879,1,127.037595,37.499193,0,1.1,-0.3,0
4,13,2.40121E+13,14,859,1,127.037595,37.499193,0,1.2,-0.2,0
4,13,2.40121E+13,10,859,0,127.037595,37.499193,0,0.8,1.3,0
4,13,2.40121E+13,10,859,0,127.037595,37.499193,0,0.2,1,0
4,13,2.40121E+13,10,871,0,127.037595,37.499193,0,0.2,1.2,0
4,13,2.40121E+13,10,871,0,127.037955,37.497701,169,-0.3,0.7,0
4,13,2.40121E+13,10,871,0,127.037955,37.497701,169,0.5,2,0
4,13,2.40121E+13,10,1064,1,127.037955,37.497701,169,0.4,0.5,0
4,13,2.40121E+13,19,1064,0,127.037955,37.497701,169,0,1.8,0
4,13,2.40121E+13,19,1064,0,127.037955,37.497701,169,0.6,2,0
4,13,2.40121E+13,19,1257,0,127.037955,37.497701,169,0.5,2.1,0
4,13,2.40121E+13,14,1257,0,127.037955,37.497701,169,0.3,2.3,0
4,13,2.40121E+13,14,1257,0,127.037955,37.497701,169,0,2.5,0
4,13,2.40121E+13,14,861,0,127.037955,37.497701,169,0.1,2.3,0
4,13,2.40121E+13,15,861,0,127.037955,37.497701,169,-1,1.7,0
4,13,2.40121E+13,15,861,0,127.037955,37.497701,169,-0.4,1.8,0
4,13,2.40121E+13,15,834,0,127.037955,37.497701,169,0.8,1.5,0
4,13,2.40121E+13,7,834,0,127.037955,37.497701,169,1.5,1.6,0
4,13,2.40121E+13,7,834,0,127.037955,37.497701,169,-0.5,3,0
4,13,2.40121E+13,7,832,0,127.037306,37.497633,263,0.3,3.4,0
4,13,2.40121E+13,7,832,0,127.037306,37.497633,263,0.4,3,0
4,13,2.40121E+13,7,832,0,127.037306,37.497633,263,0.1,3.5,0
4,13,2.40121E+13,7,1416,0,127.037265,37.49763,265,-0.3,2.9,0
4,13,2.40121E+13,13,1416,0,127.037265,37.49763,265,1.1,3,0
4,13,2.40121E+13,13,1416,0,127.037265,37.49763,265,0.6,2.8,0
4,13,2.40121E+13,15,1025,0,127.037265,37.49763,0,0,2.1,0
4,13,2.40121E+13,15,1025,0,127.037265,37.49763,0,0.2,2.6,0
4,13,2.40121E+13,15,854,0,127.037265,37.49763,0,-0.5,2.6,0
4,13,2.40121E+13,13,854,0,127.037265,37.49763,0,0.1,-0.1,0
4,13,2.40121E+13,13,854,0,127.037265,37.49763,0,0.9,1.7,0
4,13,2.40121E+13,13,1608,0,127.037265,37.49763,0,1.4,1.4,0
4,13,2.40121E+13,14,1608,0,127.037265,37.49763,0,0.7,1.9,0
4,13,2.40121E+13,14,1608,0,127.037265,37.49763,0,1.3,1.5,0
4,13,2.40121E+13,14,1331,0,127.037265,37.49763,0,0.8,2.3,0
4,13,2.40121E+13,14,1331,0,127.037265,37.49763,0,0.6,1.8,0
4,13,2.40121E+13,14,1331,1,127.037265,37.49763,0,0.5,0.6,0
4,13,2.40121E+13,14,1664,1,127.037265,37.49763,0,0.7,0.1,0
4,13,2.40121E+13,18,1664,0,127.037265,37.49763,0,0.8,1.5,0
4,13,2.40121E+13,18,1664,0,127.037265,37.49763,0,1.4,2,0
4,13,2.40121E+13,18,1330,0,127.037265,37.49763,0,0.7,1.2,0
4,13,2.40121E+13,15,1330,0,127.037265,37.49763,0,-0.2,1.1,0
4,13,2.40121E+13,15,1330,1,127.037265,37.49763,0,1.1,0.2,0
4,13,2.40121E+13,15,863,1,127.037265,37.49763,0,1.8,0.1,0
4,13,2.40121E+13,15,863,1,127.037265,37.49763,0,1,0.7,0
4,13,2.40121E+13,15,863,0,127.037265,37.49763,0,-0.1,1.8,0
4,13,2.40121E+13,15,1166,0,127.037265,37.49763,0,0.1,1.2,0
4,13,2.40121E+13,16,1166,0,127.037265,37.49763,0,0.3,1.5,0
4,13,2.40121E+13,16,1166,0,127.037265,37.49763,0,1,1.4,0
4,13,2.40121E+13,16,836,0,127.037265,37.49763,0,0.5,1.9,0
4,13,2.40121E+13,15,836,0,127.037265,37.49763,0,0.5,1.8,0
4,13,2.40121E+13,15,836,0,127.037265,37.49763,0,0.7,1.7,0
4,13,2.40121E+13,15,840,0,127.037265,37.49763,0,0.5,1.4,0
4,13,2.40121E+13,6,840,0,127.037265,37.49763,0,0.2,1.3,0
4,13,2.40121E+13,6,840,0,127.037265,37.49763,0,1.3,1.6,0
4,13,2.40121E+13,8,820,1,127.037265,37.49763,0,1.7,-0.9,0
4,13,2.40121E+13,8,820,1,127.037265,37.49763,0,0.4,1.5,0
4,13,2.40121E+13,8,991,1,127.037265,37.49763,0,1.3,0.1,0
4,13,2.40121E+13,16,991,1,127.037265,37.49763,0,1.9,0,0
4,13,2.40121E+13,16,991,1,127.037265,37.49763,0,0.5,1.6,0
4,13,2.40121E+13,16,1421,1,127.037265,37.49763,0,0.7,0.2,0
4,13,2.40121E+13,20,1421,0,127.037265,37.49763,0,0,1.7,0
4,13,2.40121E+13,20,1421,0,127.037265,37.49763,0,-0.2,0.9,0
4,13,2.40121E+13,20,1670,0,127.037265,37.49763,0,0,1.2,0
4,13,2.40121E+13,21,1670,0,127.037265,37.49763,0,0.4,1.5,0
4,13,2.40121E+13,21,1670,0,127.037265,37.49763,0,0.8,1.6,0
4,13,2.40121E+13,21,1223,0,127.037265,37.49763,0,-0.4,2.1,0
4,13,2.40121E+13,13,1223,0,127.037265,37.49763,0,0.7,1.6,0
4,13,2.40121E+13,13,1223,0,127.037265,37.49763,0,0.6,1.3,0
4,13,2.40121E+13,13,795,0,127.037265,37.49763,0,0.7,1.7,0
4,13,2.40121E+13,4,795,0,127.037265,37.49763,0,0.3,1.6,0
4,13,2.40121E+13,4,795,0,127.037265,37.49763,0,0.6,1.3,0
4,13,2.40121E+13,4,769,0,127.037265,37.49763,0,0.7,1.5,0
4,13,2.40121E+13,5,769,0,127.037265,37.49763,0,0.4,2.4,0
4,13,2.40121E+13,5,769,0,127.037265,37.49763,0,0.6,2.9,0
4,13,2.40121E+13,5,1089,0,127.037265,37.49763,0,1,2,0
4,13,2.40121E+13,10,1089,0,127.037265,37.49763,0,0.5,1.4,0
4,13,2.40121E+13,10,1089,0,127.037265,37.49763,0,0.9,1.5,0
4,13,2.40121E+13,10,750,0,127.037265,37.49763,0,0.9,1.3,0
4,13,2.40121E+13,10,750,1,127.037265,37.49763,0,-0.3,1.1,0
4,14,2.40121E+13,10,750,0,127.037265,37.49763,0,0.8,1.5,0
4,14,2.40121E+13,10,817,0,127.037265,37.49763,0,-0.3,1.2,0
4,14,2.40121E+13,11,817,0,127.037265,37.49763,0,0.7,1.5,0
4,14,2.40121E+13,11,817,0,127.037265,37.49763,0,1.2,1.1,0
4,14,2.40121E+13,18,1485,1,127.037265,37.49763,0,2,-0.3,0
5,14,2.40121E+13,18,1485,1,127.037265,37.49763,0,1.1,0.9,0
5,14,2.40121E+13,18,1282,1,127.037265,37.49763,0,1.6,0.1,0
5,14,2.40121E+13,18,1282,1,127.037265,37.49763,0,2,1.1,0
5,14,2.40121E+13,18,1282,0,127.037265,37.49763,0,0.7,1.8,0
5,14,2.40121E+13,18,990,0,127.037265,37.49763,0,0,1.4,0
5,14,2.40121E+13,17,990,0,127.037265,37.49763,0,0.2,1.5,0
5,14,2.40121E+13,17,990,0,127.037265,37.49763,0,-0.3,1.7,0
5,14,2.40121E+13,17,961,0,127.037265,37.49763,0,0.5,3.1,0
5,14,2.40121E+13,14,961,0,127.037265,37.49763,0,0.2,3.2,0
5,14,2.40121E+13,14,961,0,127.037265,37.49763,0,1,1.2,0
5,14,2.40121E+13,14,813,0,127.037265,37.49763,0,0,1.5,0
5,14,2.40121E+13,10,813,1,127.037265,37.49763,0,0.5,-0.1,0
5,14,2.40121E+13,10,813,1,127.037265,37.49763,0,0.2,1.1,0
5,14,2.40121E+13,10,835,1,127.037265,37.49763,0,0.6,1.8,0
5,14,2.40121E+13,12,835,1,127.037265,37.49763,0,1.1,0.3,0
5,14,2.40121E+13,12,835,0,127.034638,37.498465,292,0.7,2.1,0
5,14,2.40121E+13,12,1492,1,127.034638,37.498465,292,0.7,1.3,0
5,14,2.40121E+13,15,1492,1,127.034638,37.498465,292,0.9,1.8,0
5,14,2.40121E+13,15,1492,1,127.034638,37.498465,0,0.9,1.8,0
5,14,2.40121E+13,15,1290,1,127.034638,37.498465,0,1.7,2.7,0
5,14,2.40121E+13,15,1290,1,127.034638,37.498465,0,0.6,1.9,0
5,14,2.40121E+13,15,1290,1,127.034638,37.498465,0,1.1,1.8,0
5,14,2.40121E+13,15,812,0,127.034638,37.498465,0,0.6,2,0
5,14,2.40121E+13,9,812,0,127.034638,37.498465,0,1.1,1.7,0
5,14,2.40121E+13,9,812,0,127.034638,37.498465,0,1,1.4,0
5,14,2.40121E+13,9,808,0,127.034638,37.498465,0,0.9,1.1,0
5,14,2.40121E+13,0,808,1,127.034638,37.498465,0,0.9,1.8,0
5,14,2.40121E+13,0,808,1,127.034638,37.498465,0,0.9,2.3,0
5,14,2.40121E+13,0,738,0,127.034638,37.498465,0,1.6,1.6,0
5,14,2.40121E+13,0,738,0,127.034638,37.498465,0,1.3,1.6,0
5,14,2.40121E+13,0,769,0,127.034638,37.498465,0,1,1.2,0
5,14,2.40121E+13,2,769,0,127.034638,37.498465,0,1.2,1,0
5,14,2.40121E+13,2,769,0,127.034638,37.498465,0,0.7,1.6,0
5,14,2.40121E+13,2,658,0,127.034638,37.498465,0,0.4,1.4,0
5,14,2.40121E+13,2,658,0,127.034638,37.498465,0,0.6,1.3,0
5,14,2.40121E+13,2,658,0,127.034638,37.498465,0,0.8,1.3,0
5,14,2.40121E+13,2,719,1,127.034638,37.498465,0,0.6,1.5,0
5,14,2.40121E+13,3,719,0,127.034638,37.498465,0,0.6,1.6,0
5,14,2.40121E+13,3,719,1,127.034638,37.498465,0,0.5,1.8,0
5,14,2.40121E+13,3,707,0,127.034638,37.498465,0,0.6,1.5,0
5,14,2.40121E+13,2,707,1,127.034638,37.498465,0,0.5,1.5,0
5,14,2.40121E+13,2,707,1,127.034638,37.498465,0,0.6,1.5,0
5,14,2.40121E+13,2,687,1,127.034638,37.498465,0,0.8,1.2,0
5,14,2.40121E+13,2,687,1,127.034638,37.498465,0,0.7,1.4,0
5,14,2.40121E+13,2,687,1,127.034638,37.498465,0,0.4,1.5,0
5,14,2.40121E+13,2,689,0,127.034638,37.498465,0,0.4,1.5,0
5,14,2.40121E+13,1,689,0,127.034638,37.498465,0,-0.8,1.1,0
5,14,2.40121E+13,1,689,1,127.034638,37.498465,0,0.9,2.3,0
5,14,2.40121E+13,1,696,1,127.034638,37.498465,0,3.9,0.1,0
